scope,identifier_set,comparison,statistic,estimate,ci_low,ci_high,n_groups,n_unique_pairs,n_model_contrast_mapping_strata,confidence,n_boot,ci_excludes_zero,inference_unit
all_cells,letters_abc,projection_retention_ratio,ratio_of_balanced_means,0.9549568664258088,0.9516177553293951,0.9582954090685148,319,384,60,0.95,5000,True,setting_behavior_group; jointly resampled across fixed model-contrast-mapping strata
all_cells,letters_abc,residual_retention_ratio,ratio_of_balanced_means,0.032682357766677016,0.030005876880423468,0.03534843043301372,319,384,60,0.95,5000,True,setting_behavior_group; jointly resampled across fixed model-contrast-mapping strata
all_cells,letters_abc,projection_minus_residual_id,paired_difference,2.937702028437828,2.9130869351049307,2.9621406861102972,319,384,60,0.95,5000,True,setting_behavior_group; jointly resampled across fixed model-contrast-mapping strata
all_cells,letters_xyz,projection_retention_ratio,ratio_of_balanced_means,0.8719086529218959,0.864624375694581,0.8789085733605235,319,384,60,0.95,5000,True,setting_behavior_group; jointly resampled across fixed model-contrast-mapping strata
all_cells,letters_xyz,residual_retention_ratio,ratio_of_balanced_means,0.1256114733456436,0.11952916361609878,0.13163607855784398,319,384,60,0.95,5000,True,setting_behavior_group; jointly resampled across fixed model-contrast-mapping strata
all_cells,letters_xyz,projection_minus_residual_id,paired_difference,0.9709848739206791,0.9565849483139777,0.9853796763821268,319,384,60,0.95,5000,True,setting_behavior_group; jointly resampled across fixed model-contrast-mapping strata
all_cells,numbers_123,projection_retention_ratio,ratio_of_balanced_means,0.7490448521097526,0.7436346767549046,0.7544954896599471,319,384,60,0.95,5000,True,setting_behavior_group; jointly resampled across fixed model-contrast-mapping strata
all_cells,numbers_123,residual_retention_ratio,ratio_of_balanced_means,0.2651711209173888,0.25983153510267737,0.27061823599321955,319,384,60,0.95,5000,True,setting_behavior_group; jointly resampled across fixed model-contrast-mapping strata
all_cells,numbers_123,projection_minus_residual_id,paired_difference,0.17137862894063194,0.16755704090352247,0.17518966621213303,319,384,60,0.95,5000,True,setting_behavior_group; jointly resampled across fixed model-contrast-mapping strata
vocabulary_competence,letters_abc,projection_retention_ratio,ratio_of_balanced_means,0.9556991821254984,0.9520172953206207,0.9593118548265783,319,384,51,0.95,5000,True,setting_behavior_group; jointly resampled across fixed model-contrast-mapping strata
vocabulary_competence,letters_abc,residual_retention_ratio,ratio_of_balanced_means,0.027749401474599367,0.024762329828098433,0.030798673809083178,319,384,51,0.95,5000,True,setting_behavior_group; jointly resampled across fixed model-contrast-mapping strata
vocabulary_competence,letters_abc,projection_minus_residual_id,paired_difference,3.004011103317288,2.97787195667557,3.0300314159341704,319,384,51,0.95,5000,True,setting_behavior_group; jointly resampled across fixed model-contrast-mapping strata
vocabulary_competence,letters_xyz,projection_retention_ratio,ratio_of_balanced_means,0.9353453594462716,0.9257104999105589,0.9453317898133295,319,384,42,0.95,5000,True,setting_behavior_group; jointly resampled across fixed model-contrast-mapping strata
vocabulary_competence,letters_xyz,residual_retention_ratio,ratio_of_balanced_means,0.059249135584494225,0.0507534790641303,0.06759263412082388,319,384,42,0.95,5000,True,setting_behavior_group; jointly resampled across fixed model-contrast-mapping strata
vocabulary_competence,letters_xyz,projection_minus_residual_id,paired_difference,1.2472724485255422,1.2271668925903265,1.267581745522426,319,384,42,0.95,5000,True,setting_behavior_group; jointly resampled across fixed model-contrast-mapping strata
vocabulary_competence,numbers_123,projection_retention_ratio,ratio_of_balanced_means,0.7490448521097526,0.7436687987190891,0.7542652100206713,319,384,60,0.95,5000,True,setting_behavior_group; jointly resampled across fixed model-contrast-mapping strata
vocabulary_competence,numbers_123,residual_retention_ratio,ratio_of_balanced_means,0.2651711209173888,0.2596531309650011,0.27051419799008675,319,384,60,0.95,5000,True,setting_behavior_group; jointly resampled across fixed model-contrast-mapping strata
vocabulary_competence,numbers_123,projection_minus_residual_id,paired_difference,0.17137862894063194,0.16750597091231414,0.17524512359211747,319,384,60,0.95,5000,True,setting_behavior_group; jointly resampled across fixed model-contrast-mapping strata
common_competence,letters_abc,projection_retention_ratio,ratio_of_balanced_means,0.9669437731997125,0.9623540824778444,0.9715335162672968,319,384,39,0.95,5000,True,setting_behavior_group; jointly resampled across fixed model-contrast-mapping strata
common_competence,letters_abc,residual_retention_ratio,ratio_of_balanced_means,0.01520653032566513,0.011339400639119975,0.019034412867105176,319,384,39,0.95,5000,True,setting_behavior_group; jointly resampled across fixed model-contrast-mapping strata
common_competence,letters_abc,projection_minus_residual_id,paired_difference,2.8019683093357926,2.7756971714405987,2.828815716304575,319,384,39,0.95,5000,True,setting_behavior_group; jointly resampled across fixed model-contrast-mapping strata
common_competence,letters_xyz,projection_retention_ratio,ratio_of_balanced_means,0.9499858071529046,0.9394381244523788,0.9603489665940722,319,384,39,0.95,5000,True,setting_behavior_group; jointly resampled across fixed model-contrast-mapping strata
common_competence,letters_xyz,residual_retention_ratio,ratio_of_balanced_means,0.04367067494111739,0.03480840682753169,0.05264110990424452,319,384,39,0.95,5000,True,setting_behavior_group; jointly resampled across fixed model-contrast-mapping strata
common_competence,letters_xyz,projection_minus_residual_id,paired_difference,1.3143394784285471,1.292527068045931,1.3358494725464556,319,384,39,0.95,5000,True,setting_behavior_group; jointly resampled across fixed model-contrast-mapping strata
common_competence,numbers_123,projection_retention_ratio,ratio_of_balanced_means,0.8326771148907346,0.8255981081982203,0.8402390991333357,319,384,39,0.95,5000,True,setting_behavior_group; jointly resampled across fixed model-contrast-mapping strata
common_competence,numbers_123,residual_retention_ratio,ratio_of_balanced_means,0.18704719300849257,0.18001780802923426,0.19422398535789734,319,384,39,0.95,5000,True,setting_behavior_group; jointly resampled across fixed model-contrast-mapping strata
common_competence,numbers_123,projection_minus_residual_id,paired_difference,0.2519798959390475,0.24667256185165634,0.2574468840483165,319,384,39,0.95,5000,True,setting_behavior_group; jointly resampled across fixed model-contrast-mapping strata
