scope,identifier_set,component,metric,estimate,ci_low,ci_high,n_groups,n_unique_pairs,n_model_contrast_mapping_strata,confidence,n_boot,inference_unit
all_cells,letters_abc,raw,extraction_identifier_effect,3.1852794377986964,3.1604324727877477,3.2104709602527106,319,384,60,0.95,5000,setting_behavior_group; jointly resampled across fixed model-contrast-mapping strata
all_cells,letters_abc,raw,current_label_effect,0.4629411953423793,0.41697077388848175,0.5051791740456847,319,384,60,0.95,5000,setting_behavior_group; jointly resampled across fixed model-contrast-mapping strata
all_cells,letters_abc,raw,id_advantage,2.722338242456317,2.6683537414017326,2.7797890312339626,319,384,60,0.95,5000,setting_behavior_group; jointly resampled across fixed model-contrast-mapping strata
all_cells,letters_abc,projection,extraction_identifier_effect,3.041804470610805,3.0184403747281254,3.065234185065827,319,384,60,0.95,5000,setting_behavior_group; jointly resampled across fixed model-contrast-mapping strata
all_cells,letters_abc,projection,current_label_effect,0.25096702023874967,0.21250459252625067,0.28667271623345775,319,384,60,0.95,5000,setting_behavior_group; jointly resampled across fixed model-contrast-mapping strata
all_cells,letters_abc,projection,id_advantage,2.790837450372055,2.7446100243723923,2.8392594602192363,319,384,60,0.95,5000,setting_behavior_group; jointly resampled across fixed model-contrast-mapping strata
all_cells,letters_abc,residual,extraction_identifier_effect,0.10410244217297683,0.09532314092767274,0.11270742739781897,319,384,60,0.95,5000,setting_behavior_group; jointly resampled across fixed model-contrast-mapping strata
all_cells,letters_abc,residual,current_label_effect,0.2108095081600671,0.2026943210244226,0.21869734549911815,319,384,60,0.95,5000,setting_behavior_group; jointly resampled across fixed model-contrast-mapping strata
all_cells,letters_abc,residual,id_advantage,-0.10670706598709027,-0.12010297006052922,-0.09308695979673651,319,384,60,0.95,5000,setting_behavior_group; jointly resampled across fixed model-contrast-mapping strata
all_cells,letters_xyz,raw,extraction_identifier_effect,1.3010700033356746,1.2848015724493884,1.3175575481095059,319,384,60,0.95,5000,setting_behavior_group; jointly resampled across fixed model-contrast-mapping strata
all_cells,letters_xyz,raw,current_label_effect,0.774927763439094,0.7386245741935948,0.8089011386744244,319,384,60,0.95,5000,setting_behavior_group; jointly resampled across fixed model-contrast-mapping strata
all_cells,letters_xyz,raw,id_advantage,0.5261422398965806,0.4850557474499795,0.5697566086790776,319,384,60,0.95,5000,setting_behavior_group; jointly resampled across fixed model-contrast-mapping strata
all_cells,letters_xyz,projection,extraction_identifier_effect,1.1344141939654946,1.1215335123260333,1.1475792381584584,319,384,60,0.95,5000,setting_behavior_group; jointly resampled across fixed model-contrast-mapping strata
all_cells,letters_xyz,projection,current_label_effect,0.4692567337770015,0.44098918902898115,0.4960428689903294,319,384,60,0.95,5000,setting_behavior_group; jointly resampled across fixed model-contrast-mapping strata
all_cells,letters_xyz,projection,id_advantage,0.6651574601884931,0.6337198151644499,0.6981798737765004,319,384,60,0.95,5000,setting_behavior_group; jointly resampled across fixed model-contrast-mapping strata
all_cells,letters_xyz,residual,extraction_identifier_effect,0.16342932004481553,0.15438815203757417,0.1725664025377996,319,384,60,0.95,5000,setting_behavior_group; jointly resampled across fixed model-contrast-mapping strata
all_cells,letters_xyz,residual,current_label_effect,0.3037054592588296,0.29488817802526135,0.3125710491921308,319,384,60,0.95,5000,setting_behavior_group; jointly resampled across fixed model-contrast-mapping strata
all_cells,letters_xyz,residual,id_advantage,-0.14027613921401402,-0.15515833626018374,-0.12511675681764875,319,384,60,0.95,5000,setting_behavior_group; jointly resampled across fixed model-contrast-mapping strata
all_cells,numbers_123,raw,extraction_identifier_effect,0.35418047703957806,0.3484309430418619,0.35998413722052625,319,384,60,0.95,5000,setting_behavior_group; jointly resampled across fixed model-contrast-mapping strata
all_cells,numbers_123,raw,current_label_effect,0.032520788341450196,0.027382800680716204,0.03750540555226924,319,384,60,0.95,5000,setting_behavior_group; jointly resampled across fixed model-contrast-mapping strata
all_cells,numbers_123,raw,id_advantage,0.3216596886981279,0.31290269208412086,0.3306183103225871,319,384,60,0.95,5000,setting_behavior_group; jointly resampled across fixed model-contrast-mapping strata
all_cells,numbers_123,projection,extraction_identifier_effect,0.26529706304427236,0.2610253601086551,0.26960870139408205,319,384,60,0.95,5000,setting_behavior_group; jointly resampled across fixed model-contrast-mapping strata
all_cells,numbers_123,projection,current_label_effect,0.017933353028881053,0.013157811194334323,0.022464990145895352,319,384,60,0.95,5000,setting_behavior_group; jointly resampled across fixed model-contrast-mapping strata
all_cells,numbers_123,projection,id_advantage,0.2473637100153913,0.2400318722450183,0.25489191754450585,319,384,60,0.95,5000,setting_behavior_group; jointly resampled across fixed model-contrast-mapping strata
all_cells,numbers_123,residual,extraction_identifier_effect,0.09391843410364041,0.09120639854067555,0.0965911559031247,319,384,60,0.95,5000,setting_behavior_group; jointly resampled across fixed model-contrast-mapping strata
all_cells,numbers_123,residual,current_label_effect,0.011703488129811982,0.00969706074805284,0.013618768440876821,319,384,60,0.95,5000,setting_behavior_group; jointly resampled across fixed model-contrast-mapping strata
all_cells,numbers_123,residual,id_advantage,0.08221494597382843,0.07853203551156035,0.0858930099489907,319,384,60,0.95,5000,setting_behavior_group; jointly resampled across fixed model-contrast-mapping strata
vocabulary_competence,letters_abc,raw,extraction_identifier_effect,3.2372561166081213,3.2107280272217844,3.2631512802530107,319,384,51,0.95,5000,setting_behavior_group; jointly resampled across fixed model-contrast-mapping strata
vocabulary_competence,letters_abc,raw,current_label_effect,0.6538102367034584,0.6039969263405756,0.7023455652162444,319,384,51,0.95,5000,setting_behavior_group; jointly resampled across fixed model-contrast-mapping strata
vocabulary_competence,letters_abc,raw,id_advantage,2.5834458799046627,2.524390533398054,2.6460732187674734,319,384,51,0.95,5000,setting_behavior_group; jointly resampled across fixed model-contrast-mapping strata
vocabulary_competence,letters_abc,projection,extraction_identifier_effect,3.093843022973149,3.06881506253377,3.1184953197404766,319,384,51,0.95,5000,setting_behavior_group; jointly resampled across fixed model-contrast-mapping strata
vocabulary_competence,letters_abc,projection,current_label_effect,0.42364506913787303,0.3802550906481095,0.4654688705956683,319,384,51,0.95,5000,setting_behavior_group; jointly resampled across fixed model-contrast-mapping strata
vocabulary_competence,letters_abc,projection,id_advantage,2.670197953835276,2.6189649859427098,2.7236710703381575,319,384,51,0.95,5000,setting_behavior_group; jointly resampled across fixed model-contrast-mapping strata
vocabulary_competence,letters_abc,residual,extraction_identifier_effect,0.08983191965586122,0.0798270745617222,0.09996764951171438,319,384,51,0.95,5000,setting_behavior_group; jointly resampled across fixed model-contrast-mapping strata
vocabulary_competence,letters_abc,residual,current_label_effect,0.2373923965474116,0.22883424955161308,0.24579868314878567,319,384,51,0.95,5000,setting_behavior_group; jointly resampled across fixed model-contrast-mapping strata
vocabulary_competence,letters_abc,residual,id_advantage,-0.14756047689155036,-0.162509528078821,-0.13239624285800777,319,384,51,0.95,5000,setting_behavior_group; jointly resampled across fixed model-contrast-mapping strata
vocabulary_competence,letters_xyz,raw,extraction_identifier_effect,1.4236706135173638,1.3997808334889734,1.4480325187176188,319,384,42,0.95,5000,setting_behavior_group; jointly resampled across fixed model-contrast-mapping strata
vocabulary_competence,letters_xyz,raw,current_label_effect,1.008344213589139,0.9607285480177439,1.0550717998892223,319,384,42,0.95,5000,setting_behavior_group; jointly resampled across fixed model-contrast-mapping strata
vocabulary_competence,letters_xyz,raw,id_advantage,0.41532639992822495,0.35741483055113027,0.47493074945347036,319,384,42,0.95,5000,setting_behavior_group; jointly resampled across fixed model-contrast-mapping strata
vocabulary_competence,letters_xyz,projection,extraction_identifier_effect,1.3316237017334926,1.3129629529407445,1.3509274669555786,319,384,42,0.95,5000,setting_behavior_group; jointly resampled across fixed model-contrast-mapping strata
vocabulary_competence,letters_xyz,projection,current_label_effect,0.6776763923421857,0.6400238258951055,0.7142296412796967,319,384,42,0.95,5000,setting_behavior_group; jointly resampled across fixed model-contrast-mapping strata
vocabulary_competence,letters_xyz,projection,id_advantage,0.653947309391307,0.6094791941789431,0.6996383839988615,319,384,42,0.95,5000,setting_behavior_group; jointly resampled across fixed model-contrast-mapping strata
vocabulary_competence,letters_xyz,residual,extraction_identifier_effect,0.08435125320795037,0.0715485985855918,0.09736994014990008,319,384,42,0.95,5000,setting_behavior_group; jointly resampled across fixed model-contrast-mapping strata
vocabulary_competence,letters_xyz,residual,current_label_effect,0.32845127216673325,0.31722327162423064,0.3398724342982798,319,384,42,0.95,5000,setting_behavior_group; jointly resampled across fixed model-contrast-mapping strata
vocabulary_competence,letters_xyz,residual,id_advantage,-0.24410001895878286,-0.26446360453593637,-0.22388886956450768,319,384,42,0.95,5000,setting_behavior_group; jointly resampled across fixed model-contrast-mapping strata
vocabulary_competence,numbers_123,raw,extraction_identifier_effect,0.35418047703957806,0.34847636292260586,0.3598168587700474,319,384,60,0.95,5000,setting_behavior_group; jointly resampled across fixed model-contrast-mapping strata
vocabulary_competence,numbers_123,raw,current_label_effect,0.032520788341450196,0.02752616220662393,0.03742540731426941,319,384,60,0.95,5000,setting_behavior_group; jointly resampled across fixed model-contrast-mapping strata
vocabulary_competence,numbers_123,raw,id_advantage,0.3216596886981279,0.31312620590538975,0.3303891621466804,319,384,60,0.95,5000,setting_behavior_group; jointly resampled across fixed model-contrast-mapping strata
vocabulary_competence,numbers_123,projection,extraction_identifier_effect,0.26529706304427236,0.26114620141394923,0.2695225691341923,319,384,60,0.95,5000,setting_behavior_group; jointly resampled across fixed model-contrast-mapping strata
vocabulary_competence,numbers_123,projection,current_label_effect,0.017933353028881053,0.013337973256397477,0.022585305402277593,319,384,60,0.95,5000,setting_behavior_group; jointly resampled across fixed model-contrast-mapping strata
vocabulary_competence,numbers_123,projection,id_advantage,0.2473637100153913,0.24009346747328583,0.2548557195310295,319,384,60,0.95,5000,setting_behavior_group; jointly resampled across fixed model-contrast-mapping strata
vocabulary_competence,numbers_123,residual,extraction_identifier_effect,0.09391843410364041,0.09123106495894497,0.09658464308475753,319,384,60,0.95,5000,setting_behavior_group; jointly resampled across fixed model-contrast-mapping strata
vocabulary_competence,numbers_123,residual,current_label_effect,0.011703488129811982,0.009766100640512698,0.013708937870984159,319,384,60,0.95,5000,setting_behavior_group; jointly resampled across fixed model-contrast-mapping strata
vocabulary_competence,numbers_123,residual,id_advantage,0.08221494597382843,0.07851654925686864,0.08590124505235734,319,384,60,0.95,5000,setting_behavior_group; jointly resampled across fixed model-contrast-mapping strata
common_competence,letters_abc,raw,extraction_identifier_effect,2.944056597884553,2.9141601489672975,2.97380061983449,319,384,39,0.95,5000,setting_behavior_group; jointly resampled across fixed model-contrast-mapping strata
common_competence,letters_abc,raw,current_label_effect,0.9319233340688814,0.8720383499003006,0.9906648080593559,319,384,39,0.95,5000,setting_behavior_group; jointly resampled across fixed model-contrast-mapping strata
common_competence,letters_abc,raw,id_advantage,2.012133263815672,1.9370052883137578,2.088980890957843,319,384,39,0.95,5000,setting_behavior_group; jointly resampled across fixed model-contrast-mapping strata
common_competence,letters_abc,projection,extraction_identifier_effect,2.8467371952719986,2.8210803172317562,2.873063278097538,319,384,39,0.95,5000,setting_behavior_group; jointly resampled across fixed model-contrast-mapping strata
common_competence,letters_abc,projection,current_label_effect,0.6841202828292854,0.6307233466227571,0.7365494415789181,319,384,39,0.95,5000,setting_behavior_group; jointly resampled across fixed model-contrast-mapping strata
common_competence,letters_abc,projection,id_advantage,2.1626169124427133,2.095765114258334,2.229915446847102,319,384,39,0.95,5000,setting_behavior_group; jointly resampled across fixed model-contrast-mapping strata
common_competence,letters_abc,residual,extraction_identifier_effect,0.04476888593620597,0.03330023177883833,0.056349601597038265,319,384,39,0.95,5000,setting_behavior_group; jointly resampled across fixed model-contrast-mapping strata
common_competence,letters_abc,residual,current_label_effect,0.28246799064800143,0.27255755649429586,0.292617813122673,319,384,39,0.95,5000,setting_behavior_group; jointly resampled across fixed model-contrast-mapping strata
common_competence,letters_abc,residual,id_advantage,-0.23769910471179548,-0.25552968163449225,-0.220525068778481,319,384,39,0.95,5000,setting_behavior_group; jointly resampled across fixed model-contrast-mapping strata
common_competence,letters_xyz,raw,extraction_identifier_effect,1.4502014053555636,1.423931898957653,1.4762787552303203,319,384,39,0.95,5000,setting_behavior_group; jointly resampled across fixed model-contrast-mapping strata
common_competence,letters_xyz,raw,current_label_effect,1.1335684462951927,1.0806346040605272,1.184497550643494,319,384,39,0.95,5000,setting_behavior_group; jointly resampled across fixed model-contrast-mapping strata
common_competence,letters_xyz,raw,id_advantage,0.3166329590603709,0.2529583685111724,0.3829618226743261,319,384,39,0.95,5000,setting_behavior_group; jointly resampled across fixed model-contrast-mapping strata
common_competence,letters_xyz,projection,extraction_identifier_effect,1.3776707526009817,1.3572967531552147,1.3978923882588885,319,384,39,0.95,5000,setting_behavior_group; jointly resampled across fixed model-contrast-mapping strata
common_competence,letters_xyz,projection,current_label_effect,0.7600918961211275,0.7184741748220811,0.8003964413100644,319,384,39,0.95,5000,setting_behavior_group; jointly resampled across fixed model-contrast-mapping strata
common_competence,letters_xyz,projection,id_advantage,0.6175788564798541,0.5702512010418939,0.6654384074722739,319,384,39,0.95,5000,setting_behavior_group; jointly resampled across fixed model-contrast-mapping strata
common_competence,letters_xyz,residual,extraction_identifier_effect,0.06333127417243443,0.0499196068975617,0.0773082464970241,319,384,39,0.95,5000,setting_behavior_group; jointly resampled across fixed model-contrast-mapping strata
common_competence,letters_xyz,residual,current_label_effect,0.3737722840398932,0.36142852272020376,0.3864699128722146,319,384,39,0.95,5000,setting_behavior_group; jointly resampled across fixed model-contrast-mapping strata
common_competence,letters_xyz,residual,id_advantage,-0.31044100986745876,-0.3319712112088066,-0.28765645778519805,319,384,39,0.95,5000,setting_behavior_group; jointly resampled across fixed model-contrast-mapping strata
common_competence,numbers_123,raw,extraction_identifier_effect,0.39028534366008943,0.3825586452531734,0.3980844436249998,319,384,39,0.95,5000,setting_behavior_group; jointly resampled across fixed model-contrast-mapping strata
common_competence,numbers_123,raw,current_label_effect,0.07722223634855488,0.06939479671976281,0.08525108353450407,319,384,39,0.95,5000,setting_behavior_group; jointly resampled across fixed model-contrast-mapping strata
common_competence,numbers_123,raw,id_advantage,0.3130631073115346,0.2998886098171073,0.3261004490245185,319,384,39,0.95,5000,setting_behavior_group; jointly resampled across fixed model-contrast-mapping strata
common_competence,numbers_123,projection,extraction_identifier_effect,0.32498167394302213,0.3191087801229694,0.33095351811172113,319,384,39,0.95,5000,setting_behavior_group; jointly resampled across fixed model-contrast-mapping strata
common_competence,numbers_123,projection,current_label_effect,0.040453244848415636,0.033807878263041546,0.04721815470740298,319,384,39,0.95,5000,setting_behavior_group; jointly resampled across fixed model-contrast-mapping strata
common_competence,numbers_123,projection,id_advantage,0.28452842909460646,0.27403858058617114,0.2953328221717037,319,384,39,0.95,5000,setting_behavior_group; jointly resampled across fixed model-contrast-mapping strata
common_competence,numbers_123,residual,extraction_identifier_effect,0.0730017780039746,0.06936973596863168,0.07664977672609395,319,384,39,0.95,5000,setting_behavior_group; jointly resampled across fixed model-contrast-mapping strata
common_competence,numbers_123,residual,current_label_effect,0.0334020408276373,0.03057728831657922,0.03620742461413164,319,384,39,0.95,5000,setting_behavior_group; jointly resampled across fixed model-contrast-mapping strata
common_competence,numbers_123,residual,id_advantage,0.0395997371763373,0.034264652992923854,0.04496640067488102,319,384,39,0.95,5000,setting_behavior_group; jointly resampled across fixed model-contrast-mapping strata
