dataset,model_alias,pair_type,mode,direction,eval_direction,n_items,base_intended_acc,patched_intended_acc,mean_delta_target_prob,mean_js_shift,prediction_changed_rate,delta_intended_acc
moral_integrity_corpus,gemma2_9b_it,care__disagree_vs_agree,mixed_shared_residual,mixed_shared_residual,negative_to_positive,128,0.24609375,0.64453125,0.3530785143375397,0.1368796173694067,0.3984375,0.3984375
moral_integrity_corpus,gemma2_9b_it,care__disagree_vs_agree,mixed_shared_residual,mixed_shared_residual,positive_to_negative,128,0.44140625,0.7421875,0.2877291515469551,0.11287905306057174,0.30078125,0.30078125
moral_integrity_corpus,gemma2_9b_it,care__disagree_vs_agree,random_direction_control,random_control,negative_to_positive,128,0.24609375,0.24609375,0.0010446608066558849,9.082470483614976e-05,0.0,0.0
moral_integrity_corpus,gemma2_9b_it,care__disagree_vs_agree,random_direction_control,random_control,positive_to_negative,128,0.44140625,0.4453125,0.0002004206180572535,0.00010439143888382967,0.00390625,0.00390625
moral_integrity_corpus,gemma2_9b_it,care__disagree_vs_agree,raw_caa_direction,raw_caa,negative_to_positive,128,0.24609375,0.640625,0.35872045159339905,0.13807767309507404,0.39453125,0.39453125
moral_integrity_corpus,gemma2_9b_it,care__disagree_vs_agree,raw_caa_direction,raw_caa,positive_to_negative,128,0.44140625,0.76171875,0.29444969445466995,0.11871384104876152,0.3203125,0.3203125
moral_integrity_corpus,gemma2_9b_it,care__disagree_vs_agree,residual_only_direction,contrast_specific_residual,negative_to_positive,128,0.24609375,0.3125,0.06387509405612946,0.024015674619430098,0.11328125,0.06640625
moral_integrity_corpus,gemma2_9b_it,care__disagree_vs_agree,residual_only_direction,contrast_specific_residual,positive_to_negative,128,0.44140625,0.50390625,0.04975247755646706,0.022352696873171547,0.1015625,0.0625
moral_integrity_corpus,gemma2_9b_it,care__disagree_vs_agree,shared_only_direction,shared_evaluative,negative_to_positive,128,0.24609375,0.64453125,0.3530785143375397,0.1368796173694067,0.3984375,0.3984375
moral_integrity_corpus,gemma2_9b_it,care__disagree_vs_agree,shared_only_direction,shared_evaluative,positive_to_negative,128,0.44140625,0.7421875,0.2877291515469551,0.11287905306057174,0.30078125,0.30078125
moral_integrity_corpus,gemma2_9b_it,care__disagree_vs_agree,wrong_direction_control,wrong_direction_control,negative_to_positive,128,0.24609375,0.0546875,-0.17823538184165955,0.07173791555809332,0.19140625,-0.19140625
moral_integrity_corpus,gemma2_9b_it,care__disagree_vs_agree,wrong_direction_control,wrong_direction_control,positive_to_negative,128,0.44140625,0.14453125,-0.25120777636766434,0.0927162752771752,0.296875,-0.296875
moral_integrity_corpus,gemma2_9b_it,care__disagree_vs_agree,zero_direction_control,zero_direction_control,negative_to_positive,128,0.24609375,0.24609375,0.0,0.0,0.0,0.0
moral_integrity_corpus,gemma2_9b_it,care__disagree_vs_agree,zero_direction_control,zero_direction_control,positive_to_negative,128,0.44140625,0.44140625,0.0,0.0,0.0,0.0
moral_integrity_corpus,gemma2_9b_it,fairness__disagree_vs_agree,mixed_shared_residual,mixed_shared_residual,negative_to_positive,30,0.26666666666666666,0.8166666666666667,0.45646883646647135,0.18673144082427048,0.55,0.55
moral_integrity_corpus,gemma2_9b_it,fairness__disagree_vs_agree,mixed_shared_residual,mixed_shared_residual,positive_to_negative,30,0.5166666666666667,0.8666666666666667,0.30084864298502606,0.11814073845571668,0.35,0.35
moral_integrity_corpus,gemma2_9b_it,fairness__disagree_vs_agree,random_direction_control,random_control,negative_to_positive,30,0.26666666666666666,0.26666666666666666,-0.0010866165161132813,0.0001301341920914516,0.0,0.0
moral_integrity_corpus,gemma2_9b_it,fairness__disagree_vs_agree,random_direction_control,random_control,positive_to_negative,30,0.5166666666666667,0.5166666666666667,0.00023384094238281043,0.0001690095340606492,0.0,0.0
moral_integrity_corpus,gemma2_9b_it,fairness__disagree_vs_agree,raw_caa_direction,raw_caa,negative_to_positive,30,0.26666666666666666,0.7333333333333333,0.38625806172688804,0.1507261612807825,0.4666666666666667,0.4666666666666666
moral_integrity_corpus,gemma2_9b_it,fairness__disagree_vs_agree,raw_caa_direction,raw_caa,positive_to_negative,30,0.5166666666666667,0.7833333333333333,0.23821029663085938,0.08110466626289506,0.26666666666666666,0.2666666666666666
moral_integrity_corpus,gemma2_9b_it,fairness__disagree_vs_agree,residual_only_direction,contrast_specific_residual,negative_to_positive,30,0.26666666666666666,0.5,0.20312945048014322,0.09343453145975765,0.3,0.23333333333333334
moral_integrity_corpus,gemma2_9b_it,fairness__disagree_vs_agree,residual_only_direction,contrast_specific_residual,positive_to_negative,30,0.5166666666666667,0.6833333333333333,0.12298520406087239,0.06958040895645913,0.23333333333333334,0.16666666666666663
moral_integrity_corpus,gemma2_9b_it,fairness__disagree_vs_agree,shared_only_direction,shared_evaluative,negative_to_positive,30,0.26666666666666666,0.8166666666666667,0.45646883646647135,0.18673144082427048,0.55,0.55
moral_integrity_corpus,gemma2_9b_it,fairness__disagree_vs_agree,shared_only_direction,shared_evaluative,positive_to_negative,30,0.5166666666666667,0.8666666666666667,0.30084864298502606,0.11814073845571668,0.35,0.35
moral_integrity_corpus,gemma2_9b_it,fairness__disagree_vs_agree,wrong_direction_control,wrong_direction_control,negative_to_positive,30,0.26666666666666666,0.03333333333333333,-0.18674036661783855,0.06252239856522658,0.23333333333333334,-0.23333333333333334
moral_integrity_corpus,gemma2_9b_it,fairness__disagree_vs_agree,wrong_direction_control,wrong_direction_control,positive_to_negative,30,0.5166666666666667,0.2,-0.296544869740804,0.11276079232892015,0.31666666666666665,-0.3166666666666667
moral_integrity_corpus,gemma2_9b_it,fairness__disagree_vs_agree,zero_direction_control,zero_direction_control,negative_to_positive,30,0.26666666666666666,0.26666666666666666,0.0,0.0,0.0,0.0
moral_integrity_corpus,gemma2_9b_it,fairness__disagree_vs_agree,zero_direction_control,zero_direction_control,positive_to_negative,30,0.5166666666666667,0.5166666666666667,0.0,0.0,0.0,0.0
moral_integrity_corpus,gemma2_9b_it,loyalty__disagree_vs_agree,mixed_shared_residual,mixed_shared_residual,negative_to_positive,26,0.25,0.7115384615384616,0.4137717760526217,0.17273812974925268,0.46153846153846156,0.46153846153846156
moral_integrity_corpus,gemma2_9b_it,loyalty__disagree_vs_agree,mixed_shared_residual,mixed_shared_residual,positive_to_negative,26,0.38461538461538464,0.7884615384615384,0.3512111076941857,0.14458845088829905,0.40384615384615385,0.4038461538461538
moral_integrity_corpus,gemma2_9b_it,loyalty__disagree_vs_agree,random_direction_control,random_control,negative_to_positive,26,0.25,0.25,-0.0008429747361403245,6.477315539744738e-05,0.0,0.0
moral_integrity_corpus,gemma2_9b_it,loyalty__disagree_vs_agree,random_direction_control,random_control,positive_to_negative,26,0.38461538461538464,0.40384615384615385,0.004911055931678186,0.0002136633720983226,0.019230769230769232,0.019230769230769218
moral_integrity_corpus,gemma2_9b_it,loyalty__disagree_vs_agree,raw_caa_direction,raw_caa,negative_to_positive,26,0.25,0.7115384615384616,0.4216171411367563,0.17567747954457652,0.46153846153846156,0.46153846153846156
moral_integrity_corpus,gemma2_9b_it,loyalty__disagree_vs_agree,raw_caa_direction,raw_caa,positive_to_negative,26,0.38461538461538464,0.7884615384615384,0.3609485626220703,0.15153500258136787,0.40384615384615385,0.4038461538461538
moral_integrity_corpus,gemma2_9b_it,loyalty__disagree_vs_agree,residual_only_direction,contrast_specific_residual,negative_to_positive,26,0.25,0.5384615384615384,0.2785771443293645,0.1047638692856839,0.28846153846153844,0.28846153846153844
moral_integrity_corpus,gemma2_9b_it,loyalty__disagree_vs_agree,residual_only_direction,contrast_specific_residual,positive_to_negative,26,0.38461538461538464,0.6346153846153846,0.25839776259202224,0.09393702810873682,0.25,0.24999999999999994
moral_integrity_corpus,gemma2_9b_it,loyalty__disagree_vs_agree,shared_only_direction,shared_evaluative,negative_to_positive,26,0.25,0.7115384615384616,0.4137717760526217,0.17273812974925268,0.46153846153846156,0.46153846153846156
moral_integrity_corpus,gemma2_9b_it,loyalty__disagree_vs_agree,shared_only_direction,shared_evaluative,positive_to_negative,26,0.38461538461538464,0.7884615384615384,0.3512111076941857,0.14458845088829905,0.40384615384615385,0.4038461538461538
moral_integrity_corpus,gemma2_9b_it,loyalty__disagree_vs_agree,wrong_direction_control,wrong_direction_control,negative_to_positive,26,0.25,0.038461538461538464,-0.1720871925354004,0.07071312762903854,0.21153846153846154,-0.21153846153846154
moral_integrity_corpus,gemma2_9b_it,loyalty__disagree_vs_agree,wrong_direction_control,wrong_direction_control,positive_to_negative,26,0.38461538461538464,0.09615384615384616,-0.2549293224628155,0.09843206934381474,0.28846153846153844,-0.2884615384615385
moral_integrity_corpus,gemma2_9b_it,loyalty__disagree_vs_agree,zero_direction_control,zero_direction_control,negative_to_positive,26,0.25,0.25,0.0,0.0,0.0,0.0
moral_integrity_corpus,gemma2_9b_it,loyalty__disagree_vs_agree,zero_direction_control,zero_direction_control,positive_to_negative,26,0.38461538461538464,0.38461538461538464,0.0,0.0,0.0,0.0
moral_integrity_corpus,llama3_1_8b_instruct,care__disagree_vs_agree,mixed_shared_residual,mixed_shared_residual,negative_to_positive,128,0.23828125,0.828125,0.27193737030029297,0.04431117169477691,0.58984375,0.58984375
moral_integrity_corpus,llama3_1_8b_instruct,care__disagree_vs_agree,mixed_shared_residual,mixed_shared_residual,positive_to_negative,128,0.46875,0.86328125,0.23470020294189453,0.03636204794554937,0.39453125,0.39453125
moral_integrity_corpus,llama3_1_8b_instruct,care__disagree_vs_agree,random_direction_control,random_control,negative_to_positive,128,0.23828125,0.234375,0.002422332763671875,0.0001720586516873728,0.03515625,-0.00390625
moral_integrity_corpus,llama3_1_8b_instruct,care__disagree_vs_agree,random_direction_control,random_control,positive_to_negative,128,0.46875,0.4765625,-0.0005040168762207031,0.00019851168502589783,0.03125,0.0078125
moral_integrity_corpus,llama3_1_8b_instruct,care__disagree_vs_agree,raw_caa_direction,raw_caa,negative_to_positive,128,0.23828125,0.8359375,0.27609920501708984,0.045549252506018295,0.59765625,0.59765625
moral_integrity_corpus,llama3_1_8b_instruct,care__disagree_vs_agree,raw_caa_direction,raw_caa,positive_to_negative,128,0.46875,0.875,0.23929691314697266,0.03786420063830699,0.40625,0.40625
moral_integrity_corpus,llama3_1_8b_instruct,care__disagree_vs_agree,residual_only_direction,contrast_specific_residual,negative_to_positive,128,0.23828125,0.15625,-0.047054290771484375,0.0016259221415318265,0.08203125,-0.08203125
moral_integrity_corpus,llama3_1_8b_instruct,care__disagree_vs_agree,residual_only_direction,contrast_specific_residual,positive_to_negative,128,0.46875,0.37890625,-0.0491938591003418,0.0018544111925979003,0.08984375,-0.08984375
moral_integrity_corpus,llama3_1_8b_instruct,care__disagree_vs_agree,shared_only_direction,shared_evaluative,negative_to_positive,128,0.23828125,0.828125,0.27193737030029297,0.04431117169477691,0.58984375,0.58984375
moral_integrity_corpus,llama3_1_8b_instruct,care__disagree_vs_agree,shared_only_direction,shared_evaluative,positive_to_negative,128,0.46875,0.86328125,0.23470020294189453,0.03636204794554937,0.39453125,0.39453125
moral_integrity_corpus,llama3_1_8b_instruct,care__disagree_vs_agree,wrong_direction_control,wrong_direction_control,negative_to_positive,128,0.23828125,0.03125,-0.19925761222839355,0.02893904912915921,0.20703125,-0.20703125
moral_integrity_corpus,llama3_1_8b_instruct,care__disagree_vs_agree,wrong_direction_control,wrong_direction_control,positive_to_negative,128,0.46875,0.07421875,-0.23233401775360107,0.03755261986894978,0.39453125,-0.39453125
moral_integrity_corpus,llama3_1_8b_instruct,care__disagree_vs_agree,zero_direction_control,zero_direction_control,negative_to_positive,128,0.23828125,0.23828125,0.0,0.0,0.0,0.0
moral_integrity_corpus,llama3_1_8b_instruct,care__disagree_vs_agree,zero_direction_control,zero_direction_control,positive_to_negative,128,0.46875,0.46875,0.0,0.0,0.0,0.0
moral_integrity_corpus,llama3_1_8b_instruct,fairness__disagree_vs_agree,mixed_shared_residual,mixed_shared_residual,negative_to_positive,30,0.16666666666666666,0.9333333333333333,0.32644856770833336,0.06260021235137204,0.7666666666666667,0.7666666666666667
moral_integrity_corpus,llama3_1_8b_instruct,fairness__disagree_vs_agree,mixed_shared_residual,mixed_shared_residual,positive_to_negative,30,0.5666666666666667,0.9333333333333333,0.2642903645833333,0.04788106006091743,0.36666666666666664,0.3666666666666667
moral_integrity_corpus,llama3_1_8b_instruct,fairness__disagree_vs_agree,random_direction_control,random_control,negative_to_positive,30,0.16666666666666666,0.16666666666666666,0.0006998697916666667,0.00015462266766997333,0.0,0.0
moral_integrity_corpus,llama3_1_8b_instruct,fairness__disagree_vs_agree,random_direction_control,random_control,positive_to_negative,30,0.5666666666666667,0.5666666666666667,-0.00030924479166666665,0.00016220687108602213,0.0,0.0
moral_integrity_corpus,llama3_1_8b_instruct,fairness__disagree_vs_agree,raw_caa_direction,raw_caa,negative_to_positive,30,0.16666666666666666,0.7166666666666667,0.19493815104166667,0.022586533291112654,0.55,0.55
moral_integrity_corpus,llama3_1_8b_instruct,fairness__disagree_vs_agree,raw_caa_direction,raw_caa,positive_to_negative,30,0.5666666666666667,0.8166666666666667,0.16302083333333334,0.017868118336275322,0.25,0.25
moral_integrity_corpus,llama3_1_8b_instruct,fairness__disagree_vs_agree,residual_only_direction,contrast_specific_residual,negative_to_positive,30,0.16666666666666666,0.26666666666666666,0.056005859375,0.0021480921796092713,0.1,0.1
moral_integrity_corpus,llama3_1_8b_instruct,fairness__disagree_vs_agree,residual_only_direction,contrast_specific_residual,positive_to_negative,30,0.5666666666666667,0.6666666666666666,0.05615234375,0.002291015704690163,0.1,0.09999999999999998
moral_integrity_corpus,llama3_1_8b_instruct,fairness__disagree_vs_agree,shared_only_direction,shared_evaluative,negative_to_positive,30,0.16666666666666666,0.9333333333333333,0.32644856770833336,0.06260021235137204,0.7666666666666667,0.7666666666666667
moral_integrity_corpus,llama3_1_8b_instruct,fairness__disagree_vs_agree,shared_only_direction,shared_evaluative,positive_to_negative,30,0.5666666666666667,0.9333333333333333,0.2642903645833333,0.04788106006091743,0.36666666666666664,0.3666666666666667
moral_integrity_corpus,llama3_1_8b_instruct,fairness__disagree_vs_agree,wrong_direction_control,wrong_direction_control,negative_to_positive,30,0.16666666666666666,0.06666666666666667,-0.14849853515625,0.015045201483969605,0.1,-0.09999999999999999
moral_integrity_corpus,llama3_1_8b_instruct,fairness__disagree_vs_agree,wrong_direction_control,wrong_direction_control,positive_to_negative,30,0.5666666666666667,0.16666666666666666,-0.18264363606770834,0.021950637457635924,0.4,-0.4
moral_integrity_corpus,llama3_1_8b_instruct,fairness__disagree_vs_agree,zero_direction_control,zero_direction_control,negative_to_positive,30,0.16666666666666666,0.16666666666666666,0.0,0.0,0.0,0.0
moral_integrity_corpus,llama3_1_8b_instruct,fairness__disagree_vs_agree,zero_direction_control,zero_direction_control,positive_to_negative,30,0.5666666666666667,0.5666666666666667,0.0,0.0,0.0,0.0
moral_integrity_corpus,llama3_1_8b_instruct,loyalty__disagree_vs_agree,mixed_shared_residual,mixed_shared_residual,negative_to_positive,26,0.15384615384615385,0.6923076923076923,0.2638860849233774,0.043859512351605096,0.5384615384615384,0.5384615384615384
moral_integrity_corpus,llama3_1_8b_instruct,loyalty__disagree_vs_agree,mixed_shared_residual,mixed_shared_residual,positive_to_negative,26,0.5192307692307693,0.8653846153846154,0.2168297400841346,0.033314848309631336,0.34615384615384615,0.34615384615384615
moral_integrity_corpus,llama3_1_8b_instruct,loyalty__disagree_vs_agree,random_direction_control,random_control,negative_to_positive,26,0.15384615384615385,0.1346153846153846,-0.0021503155048076925,0.00021471558171827309,0.019230769230769232,-0.019230769230769246
moral_integrity_corpus,llama3_1_8b_instruct,loyalty__disagree_vs_agree,random_direction_control,random_control,positive_to_negative,26,0.5192307692307693,0.5,-0.006007267878605769,0.0001576121582127868,0.019230769230769232,-0.019230769230769273
moral_integrity_corpus,llama3_1_8b_instruct,loyalty__disagree_vs_agree,raw_caa_direction,raw_caa,negative_to_positive,26,0.15384615384615385,0.7307692307692307,0.27533252422626203,0.047469571427098615,0.5769230769230769,0.5769230769230769
moral_integrity_corpus,llama3_1_8b_instruct,loyalty__disagree_vs_agree,raw_caa_direction,raw_caa,positive_to_negative,26,0.5192307692307693,0.8846153846153846,0.22324312650240385,0.03544194771583884,0.36538461538461536,0.3653846153846153
moral_integrity_corpus,llama3_1_8b_instruct,loyalty__disagree_vs_agree,residual_only_direction,contrast_specific_residual,negative_to_positive,26,0.15384615384615385,0.07692307692307693,-0.05326432448167067,0.0022476773763742295,0.07692307692307693,-0.07692307692307693
moral_integrity_corpus,llama3_1_8b_instruct,loyalty__disagree_vs_agree,residual_only_direction,contrast_specific_residual,positive_to_negative,26,0.5192307692307693,0.46153846153846156,-0.056978665865384616,0.002377359523731398,0.057692307692307696,-0.05769230769230771
moral_integrity_corpus,llama3_1_8b_instruct,loyalty__disagree_vs_agree,shared_only_direction,shared_evaluative,negative_to_positive,26,0.15384615384615385,0.6923076923076923,0.2638860849233774,0.043859512351605096,0.5384615384615384,0.5384615384615384
moral_integrity_corpus,llama3_1_8b_instruct,loyalty__disagree_vs_agree,shared_only_direction,shared_evaluative,positive_to_negative,26,0.5192307692307693,0.8653846153846154,0.2168297400841346,0.033314848309631336,0.34615384615384615,0.34615384615384615
moral_integrity_corpus,llama3_1_8b_instruct,loyalty__disagree_vs_agree,wrong_direction_control,wrong_direction_control,negative_to_positive,26,0.15384615384615385,0.038461538461538464,-0.17877549391526443,0.02733508683431476,0.11538461538461539,-0.11538461538461539
moral_integrity_corpus,llama3_1_8b_instruct,loyalty__disagree_vs_agree,wrong_direction_control,wrong_direction_control,positive_to_negative,26,0.5192307692307693,0.07692307692307693,-0.2414269080528846,0.04011387782045658,0.4423076923076923,-0.44230769230769235
moral_integrity_corpus,llama3_1_8b_instruct,loyalty__disagree_vs_agree,zero_direction_control,zero_direction_control,negative_to_positive,26,0.15384615384615385,0.15384615384615385,0.0,0.0,0.0,0.0
moral_integrity_corpus,llama3_1_8b_instruct,loyalty__disagree_vs_agree,zero_direction_control,zero_direction_control,positive_to_negative,26,0.5192307692307693,0.5192307692307693,0.0,0.0,0.0,0.0
moral_integrity_corpus,mistral7b_instruct_v03,care__disagree_vs_agree,mixed_shared_residual,mixed_shared_residual,negative_to_positive,128,0.6484375,0.94921875,0.2678697109222412,0.07539228805539239,0.30078125,0.30078125
moral_integrity_corpus,mistral7b_instruct_v03,care__disagree_vs_agree,mixed_shared_residual,mixed_shared_residual,positive_to_negative,128,0.140625,0.4609375,0.28634727001190186,0.07134819395920382,0.3203125,0.3203125
moral_integrity_corpus,mistral7b_instruct_v03,care__disagree_vs_agree,random_direction_control,random_control,negative_to_positive,128,0.6484375,0.64453125,-0.0024423599243164062,0.0015071561054132963,0.05859375,-0.00390625
moral_integrity_corpus,mistral7b_instruct_v03,care__disagree_vs_agree,random_direction_control,random_control,positive_to_negative,128,0.140625,0.14453125,-0.0013555809855461116,0.001003283218862318,0.01953125,0.00390625
moral_integrity_corpus,mistral7b_instruct_v03,care__disagree_vs_agree,raw_caa_direction,raw_caa,negative_to_positive,128,0.6484375,0.9453125,0.2550828456878662,0.0668649376025477,0.296875,0.296875
moral_integrity_corpus,mistral7b_instruct_v03,care__disagree_vs_agree,raw_caa_direction,raw_caa,positive_to_negative,128,0.140625,0.453125,0.2740057706832886,0.06692273795599454,0.3125,0.3125
moral_integrity_corpus,mistral7b_instruct_v03,care__disagree_vs_agree,residual_only_direction,contrast_specific_residual,negative_to_positive,128,0.6484375,0.6328125,-0.015496969223022461,0.002870507517670997,0.0703125,-0.015625
moral_integrity_corpus,mistral7b_instruct_v03,care__disagree_vs_agree,residual_only_direction,contrast_specific_residual,positive_to_negative,128,0.140625,0.1328125,-0.02468730509281158,0.002797794094062832,0.015625,-0.0078125
moral_integrity_corpus,mistral7b_instruct_v03,care__disagree_vs_agree,shared_only_direction,shared_evaluative,negative_to_positive,128,0.6484375,0.94921875,0.2678697109222412,0.07539228805539239,0.30078125,0.30078125
moral_integrity_corpus,mistral7b_instruct_v03,care__disagree_vs_agree,shared_only_direction,shared_evaluative,positive_to_negative,128,0.140625,0.4609375,0.28634727001190186,0.07134819395920382,0.3203125,0.3203125
moral_integrity_corpus,mistral7b_instruct_v03,care__disagree_vs_agree,wrong_direction_control,wrong_direction_control,negative_to_positive,128,0.6484375,0.2734375,-0.2943806052207947,0.07037815401513756,0.375,-0.375
moral_integrity_corpus,mistral7b_instruct_v03,care__disagree_vs_agree,wrong_direction_control,wrong_direction_control,positive_to_negative,128,0.140625,0.01953125,-0.14944655541330576,0.037330217103157114,0.12109375,-0.12109375
moral_integrity_corpus,mistral7b_instruct_v03,care__disagree_vs_agree,zero_direction_control,zero_direction_control,negative_to_positive,128,0.6484375,0.6484375,0.0,0.0,0.0,0.0
moral_integrity_corpus,mistral7b_instruct_v03,care__disagree_vs_agree,zero_direction_control,zero_direction_control,positive_to_negative,128,0.140625,0.140625,0.0,0.0,0.0,0.0
moral_integrity_corpus,mistral7b_instruct_v03,fairness__disagree_vs_agree,mixed_shared_residual,mixed_shared_residual,negative_to_positive,30,0.7,0.9833333333333333,0.284478759765625,0.08438352381507859,0.2833333333333333,0.2833333333333333
moral_integrity_corpus,mistral7b_instruct_v03,fairness__disagree_vs_agree,mixed_shared_residual,mixed_shared_residual,positive_to_negative,30,0.15,0.5333333333333333,0.3166714986165365,0.08598856635097567,0.38333333333333336,0.3833333333333333
moral_integrity_corpus,mistral7b_instruct_v03,fairness__disagree_vs_agree,random_direction_control,random_control,negative_to_positive,30,0.7,0.6833333333333333,-0.000494384765625,0.002262733299481434,0.08333333333333333,-0.016666666666666607
moral_integrity_corpus,mistral7b_instruct_v03,fairness__disagree_vs_agree,random_direction_control,random_control,positive_to_negative,30,0.15,0.15,-0.0010500590006510416,0.0012988742414524672,0.0,0.0
moral_integrity_corpus,mistral7b_instruct_v03,fairness__disagree_vs_agree,raw_caa_direction,raw_caa,negative_to_positive,30,0.7,0.9833333333333333,0.275836181640625,0.07889751854456017,0.2833333333333333,0.2833333333333333
moral_integrity_corpus,mistral7b_instruct_v03,fairness__disagree_vs_agree,raw_caa_direction,raw_caa,positive_to_negative,30,0.15,0.48333333333333334,0.2920865376790365,0.07509755445013595,0.3333333333333333,0.33333333333333337
moral_integrity_corpus,mistral7b_instruct_v03,fairness__disagree_vs_agree,residual_only_direction,contrast_specific_residual,negative_to_positive,30,0.7,0.7166666666666667,0.009521484375,0.001638768359289205,0.05,0.01666666666666672
moral_integrity_corpus,mistral7b_instruct_v03,fairness__disagree_vs_agree,residual_only_direction,contrast_specific_residual,positive_to_negative,30,0.15,0.15,0.004369354248046875,0.0006904954516897333,0.0,0.0
moral_integrity_corpus,mistral7b_instruct_v03,fairness__disagree_vs_agree,shared_only_direction,shared_evaluative,negative_to_positive,30,0.7,0.9833333333333333,0.284478759765625,0.08438352381507859,0.2833333333333333,0.2833333333333333
moral_integrity_corpus,mistral7b_instruct_v03,fairness__disagree_vs_agree,shared_only_direction,shared_evaluative,positive_to_negative,30,0.15,0.5333333333333333,0.3166714986165365,0.08598856635097567,0.38333333333333336,0.3833333333333333
moral_integrity_corpus,mistral7b_instruct_v03,fairness__disagree_vs_agree,wrong_direction_control,wrong_direction_control,negative_to_positive,30,0.7,0.2833333333333333,-0.3055781046549479,0.07097421512686179,0.4166666666666667,-0.41666666666666663
moral_integrity_corpus,mistral7b_instruct_v03,fairness__disagree_vs_agree,wrong_direction_control,wrong_direction_control,positive_to_negative,30,0.15,0.03333333333333333,-0.1616508960723877,0.04506879582380973,0.11666666666666667,-0.11666666666666667
moral_integrity_corpus,mistral7b_instruct_v03,fairness__disagree_vs_agree,zero_direction_control,zero_direction_control,negative_to_positive,30,0.7,0.7,0.0,0.0,0.0,0.0
moral_integrity_corpus,mistral7b_instruct_v03,fairness__disagree_vs_agree,zero_direction_control,zero_direction_control,positive_to_negative,30,0.15,0.15,0.0,0.0,0.0,0.0
moral_integrity_corpus,mistral7b_instruct_v03,loyalty__disagree_vs_agree,mixed_shared_residual,mixed_shared_residual,negative_to_positive,26,0.5961538461538461,0.9615384615384616,0.26400991586538464,0.0668525190579094,0.36538461538461536,0.3653846153846154
moral_integrity_corpus,mistral7b_instruct_v03,loyalty__disagree_vs_agree,mixed_shared_residual,mixed_shared_residual,positive_to_negative,26,0.17307692307692307,0.34615384615384615,0.24718944842998797,0.06348577017181203,0.17307692307692307,0.17307692307692307
moral_integrity_corpus,mistral7b_instruct_v03,loyalty__disagree_vs_agree,random_direction_control,random_control,negative_to_positive,26,0.5961538461538461,0.5961538461538461,-0.00042255108173076925,0.00019562258953402195,0.0,0.0
moral_integrity_corpus,mistral7b_instruct_v03,loyalty__disagree_vs_agree,random_direction_control,random_control,positive_to_negative,26,0.17307692307692307,0.17307692307692307,-0.0009630643404447115,0.00023528977101126676,0.0,0.0
moral_integrity_corpus,mistral7b_instruct_v03,loyalty__disagree_vs_agree,raw_caa_direction,raw_caa,negative_to_positive,26,0.5961538461538461,0.9615384615384616,0.2612868088942308,0.06607617239984954,0.36538461538461536,0.3653846153846154
moral_integrity_corpus,mistral7b_instruct_v03,loyalty__disagree_vs_agree,raw_caa_direction,raw_caa,positive_to_negative,26,0.17307692307692307,0.34615384615384615,0.23562328632061297,0.05886098936038369,0.17307692307692307,0.17307692307692307
moral_integrity_corpus,mistral7b_instruct_v03,loyalty__disagree_vs_agree,residual_only_direction,contrast_specific_residual,negative_to_positive,26,0.5961538461538461,0.6730769230769231,0.0124053955078125,0.004716992505208415,0.15384615384615385,0.07692307692307698
moral_integrity_corpus,mistral7b_instruct_v03,loyalty__disagree_vs_agree,residual_only_direction,contrast_specific_residual,positive_to_negative,26,0.17307692307692307,0.1346153846153846,0.006975320669320913,0.002816824342580554,0.038461538461538464,-0.038461538461538464
moral_integrity_corpus,mistral7b_instruct_v03,loyalty__disagree_vs_agree,shared_only_direction,shared_evaluative,negative_to_positive,26,0.5961538461538461,0.9615384615384616,0.26400991586538464,0.0668525190579094,0.36538461538461536,0.3653846153846154
moral_integrity_corpus,mistral7b_instruct_v03,loyalty__disagree_vs_agree,shared_only_direction,shared_evaluative,positive_to_negative,26,0.17307692307692307,0.34615384615384615,0.24718944842998797,0.06348577017181203,0.17307692307692307,0.17307692307692307
moral_integrity_corpus,mistral7b_instruct_v03,loyalty__disagree_vs_agree,wrong_direction_control,wrong_direction_control,negative_to_positive,26,0.5961538461538461,0.28846153846153844,-0.2694749098557692,0.059581443555095356,0.3076923076923077,-0.3076923076923077
moral_integrity_corpus,mistral7b_instruct_v03,loyalty__disagree_vs_agree,wrong_direction_control,wrong_direction_control,positive_to_negative,26,0.17307692307692307,0.038461538461538464,-0.12622194106762225,0.03270675359264779,0.1346153846153846,-0.1346153846153846
moral_integrity_corpus,mistral7b_instruct_v03,loyalty__disagree_vs_agree,zero_direction_control,zero_direction_control,negative_to_positive,26,0.5961538461538461,0.5961538461538461,0.0,0.0,0.0,0.0
moral_integrity_corpus,mistral7b_instruct_v03,loyalty__disagree_vs_agree,zero_direction_control,zero_direction_control,positive_to_negative,26,0.17307692307692307,0.17307692307692307,0.0,0.0,0.0,0.0
moral_integrity_corpus,qwen2_5_7b_instruct,care__disagree_vs_agree,mixed_shared_residual,mixed_shared_residual,negative_to_positive,128,0.34765625,0.62109375,0.27646084246225655,0.1205543556095786,0.2734375,0.2734375
moral_integrity_corpus,qwen2_5_7b_instruct,care__disagree_vs_agree,mixed_shared_residual,mixed_shared_residual,positive_to_negative,128,0.33984375,0.60546875,0.26415489660575986,0.11484155761546146,0.265625,0.265625
moral_integrity_corpus,qwen2_5_7b_instruct,care__disagree_vs_agree,random_direction_control,random_control,negative_to_positive,128,0.34765625,0.359375,0.015269287396222356,0.0009230461297421106,0.01171875,0.01171875
moral_integrity_corpus,qwen2_5_7b_instruct,care__disagree_vs_agree,random_direction_control,random_control,positive_to_negative,128,0.33984375,0.3203125,-0.014281536219641556,0.0008554091040829878,0.01953125,-0.01953125
moral_integrity_corpus,qwen2_5_7b_instruct,care__disagree_vs_agree,raw_caa_direction,raw_caa,negative_to_positive,128,0.34765625,0.6171875,0.27727653575129807,0.12071090120824868,0.26953125,0.26953125
moral_integrity_corpus,qwen2_5_7b_instruct,care__disagree_vs_agree,raw_caa_direction,raw_caa,positive_to_negative,128,0.33984375,0.60546875,0.26495130406692624,0.11568312980401747,0.265625,0.265625
moral_integrity_corpus,qwen2_5_7b_instruct,care__disagree_vs_agree,residual_only_direction,contrast_specific_residual,negative_to_positive,128,0.34765625,0.3984375,0.04835667111910879,0.006265704071672027,0.05078125,0.05078125
moral_integrity_corpus,qwen2_5_7b_instruct,care__disagree_vs_agree,residual_only_direction,contrast_specific_residual,positive_to_negative,128,0.33984375,0.37890625,0.0384333967231214,0.0045830746498801735,0.0390625,0.0390625
moral_integrity_corpus,qwen2_5_7b_instruct,care__disagree_vs_agree,shared_only_direction,shared_evaluative,negative_to_positive,128,0.34765625,0.61328125,0.26987543259747326,0.11700295534695206,0.265625,0.265625
moral_integrity_corpus,qwen2_5_7b_instruct,care__disagree_vs_agree,shared_only_direction,shared_evaluative,positive_to_negative,128,0.33984375,0.60546875,0.2592640374787152,0.11183460229050549,0.265625,0.265625
moral_integrity_corpus,qwen2_5_7b_instruct,care__disagree_vs_agree,wrong_direction_control,wrong_direction_control,negative_to_positive,128,0.34765625,0.11328125,-0.22129989744280462,0.09977084595270257,0.234375,-0.234375
moral_integrity_corpus,qwen2_5_7b_instruct,care__disagree_vs_agree,wrong_direction_control,wrong_direction_control,positive_to_negative,128,0.33984375,0.1328125,-0.20165045047178862,0.0868742196749442,0.20703125,-0.20703125
moral_integrity_corpus,qwen2_5_7b_instruct,care__disagree_vs_agree,zero_direction_control,zero_direction_control,negative_to_positive,128,0.34765625,0.34765625,0.0,0.0,0.0,0.0
moral_integrity_corpus,qwen2_5_7b_instruct,care__disagree_vs_agree,zero_direction_control,zero_direction_control,positive_to_negative,128,0.33984375,0.33984375,0.0,0.0,0.0,0.0
moral_integrity_corpus,qwen2_5_7b_instruct,fairness__disagree_vs_agree,mixed_shared_residual,mixed_shared_residual,negative_to_positive,30,0.35,0.7333333333333333,0.3425650914510091,0.15460355625174302,0.38333333333333336,0.3833333333333333
moral_integrity_corpus,qwen2_5_7b_instruct,fairness__disagree_vs_agree,mixed_shared_residual,mixed_shared_residual,positive_to_negative,30,0.48333333333333334,0.65,0.17896374066670737,0.07561025529530492,0.16666666666666666,0.16666666666666669
moral_integrity_corpus,qwen2_5_7b_instruct,fairness__disagree_vs_agree,random_direction_control,random_control,negative_to_positive,30,0.35,0.35,-0.0054530461629231815,0.0007642662109950449,0.0,0.0
moral_integrity_corpus,qwen2_5_7b_instruct,fairness__disagree_vs_agree,random_direction_control,random_control,positive_to_negative,30,0.48333333333333334,0.5166666666666667,-0.0004392862319946325,0.0004470193774029172,0.03333333333333333,0.03333333333333338
moral_integrity_corpus,qwen2_5_7b_instruct,fairness__disagree_vs_agree,raw_caa_direction,raw_caa,negative_to_positive,30,0.35,0.6666666666666666,0.2988028844197591,0.1299145834659346,0.31666666666666665,0.31666666666666665
moral_integrity_corpus,qwen2_5_7b_instruct,fairness__disagree_vs_agree,raw_caa_direction,raw_caa,positive_to_negative,30,0.48333333333333334,0.65,0.1512589931488037,0.06019731032417815,0.16666666666666666,0.16666666666666669
moral_integrity_corpus,qwen2_5_7b_instruct,fairness__disagree_vs_agree,residual_only_direction,contrast_specific_residual,negative_to_positive,30,0.35,0.3333333333333333,-0.048620637257893874,0.008094230518424625,0.016666666666666666,-0.016666666666666663
moral_integrity_corpus,qwen2_5_7b_instruct,fairness__disagree_vs_agree,residual_only_direction,contrast_specific_residual,positive_to_negative,30,0.48333333333333334,0.4666666666666667,-0.043762922286987305,0.007358993458629992,0.016666666666666666,-0.016666666666666663
moral_integrity_corpus,qwen2_5_7b_instruct,fairness__disagree_vs_agree,shared_only_direction,shared_evaluative,negative_to_positive,30,0.35,0.7666666666666667,0.3744661331176758,0.17290617668745814,0.4166666666666667,0.41666666666666674
moral_integrity_corpus,qwen2_5_7b_instruct,fairness__disagree_vs_agree,shared_only_direction,shared_evaluative,positive_to_negative,30,0.48333333333333334,0.6833333333333333,0.196960973739624,0.0860259862059723,0.2,0.2
moral_integrity_corpus,qwen2_5_7b_instruct,fairness__disagree_vs_agree,wrong_direction_control,wrong_direction_control,negative_to_positive,30,0.35,0.21666666666666667,-0.16619567871093746,0.06661737678494198,0.13333333333333333,-0.1333333333333333
moral_integrity_corpus,qwen2_5_7b_instruct,fairness__disagree_vs_agree,wrong_direction_control,wrong_direction_control,positive_to_negative,30,0.48333333333333334,0.35,-0.17348172068595885,0.07146341797223281,0.13333333333333333,-0.13333333333333336
moral_integrity_corpus,qwen2_5_7b_instruct,fairness__disagree_vs_agree,zero_direction_control,zero_direction_control,negative_to_positive,30,0.35,0.35,0.0,0.0,0.0,0.0
moral_integrity_corpus,qwen2_5_7b_instruct,fairness__disagree_vs_agree,zero_direction_control,zero_direction_control,positive_to_negative,30,0.48333333333333334,0.48333333333333334,0.0,0.0,0.0,0.0
moral_integrity_corpus,qwen2_5_7b_instruct,loyalty__disagree_vs_agree,mixed_shared_residual,mixed_shared_residual,negative_to_positive,26,0.36538461538461536,0.5192307692307693,0.2016720588390644,0.07961217557595766,0.15384615384615385,0.1538461538461539
moral_integrity_corpus,qwen2_5_7b_instruct,loyalty__disagree_vs_agree,mixed_shared_residual,mixed_shared_residual,positive_to_negative,26,0.5,0.7307692307692307,0.23404359359007615,0.09922706270959239,0.23076923076923078,0.23076923076923073
moral_integrity_corpus,qwen2_5_7b_instruct,loyalty__disagree_vs_agree,random_direction_control,random_control,negative_to_positive,26,0.36538461538461536,0.36538461538461536,0.0012734853304349476,0.0003053371789661503,0.0,0.0
moral_integrity_corpus,qwen2_5_7b_instruct,loyalty__disagree_vs_agree,random_direction_control,random_control,positive_to_negative,26,0.5,0.5,-0.004896659117478593,0.0003194973757790386,0.0,0.0
moral_integrity_corpus,qwen2_5_7b_instruct,loyalty__disagree_vs_agree,raw_caa_direction,raw_caa,negative_to_positive,26,0.36538461538461536,0.5192307692307693,0.20482677679795486,0.08142157195692837,0.15384615384615385,0.1538461538461539
moral_integrity_corpus,qwen2_5_7b_instruct,loyalty__disagree_vs_agree,raw_caa_direction,raw_caa,positive_to_negative,26,0.5,0.75,0.23570709503613985,0.09977091253410547,0.25,0.25
moral_integrity_corpus,qwen2_5_7b_instruct,loyalty__disagree_vs_agree,residual_only_direction,contrast_specific_residual,negative_to_positive,26,0.36538461538461536,0.40384615384615385,0.03822986896221453,0.005633284672370532,0.038461538461538464,0.03846153846153849
moral_integrity_corpus,qwen2_5_7b_instruct,loyalty__disagree_vs_agree,residual_only_direction,contrast_specific_residual,positive_to_negative,26,0.5,0.5961538461538461,0.06710066703649667,0.01073138250345986,0.09615384615384616,0.09615384615384615
moral_integrity_corpus,qwen2_5_7b_instruct,loyalty__disagree_vs_agree,shared_only_direction,shared_evaluative,negative_to_positive,26,0.36538461538461536,0.5192307692307693,0.19370139562166655,0.07572733617021857,0.15384615384615385,0.1538461538461539
moral_integrity_corpus,qwen2_5_7b_instruct,loyalty__disagree_vs_agree,shared_only_direction,shared_evaluative,positive_to_negative,26,0.5,0.7307692307692307,0.2301743168097276,0.09663195838750961,0.23076923076923078,0.23076923076923073
moral_integrity_corpus,qwen2_5_7b_instruct,loyalty__disagree_vs_agree,wrong_direction_control,wrong_direction_control,negative_to_positive,26,0.36538461538461536,0.15384615384615385,-0.18261107114645148,0.08043912593265799,0.21153846153846154,-0.2115384615384615
moral_integrity_corpus,qwen2_5_7b_instruct,loyalty__disagree_vs_agree,wrong_direction_control,wrong_direction_control,positive_to_negative,26,0.5,0.21153846153846154,-0.26323696970939636,0.10758442229014446,0.28846153846153844,-0.28846153846153844
moral_integrity_corpus,qwen2_5_7b_instruct,loyalty__disagree_vs_agree,zero_direction_control,zero_direction_control,negative_to_positive,26,0.36538461538461536,0.36538461538461536,0.0,0.0,0.0,0.0
moral_integrity_corpus,qwen2_5_7b_instruct,loyalty__disagree_vs_agree,zero_direction_control,zero_direction_control,positive_to_negative,26,0.5,0.5,0.0,0.0,0.0,0.0
