scope,model_alias,metric,mean,ci_low,ci_high,ci_excludes_zero,n_pairs,n_groups,n_model_contrast_strata,n_boot,confidence,selection_uses_steered_outcomes,inference_unit
canonical_both_endpoints_correct,gemma2_9b_it,semantic_margin_gain,0.6929763616477165,0.6697212892590597,0.7154283474009524,True,266,220,3,5000,0.95,False,setting_behavior_group; competence selected from unsteered predictions; equal model-contrast weight
canonical_both_endpoints_correct,gemma2_9b_it,extraction_identifier_margin_gain,1.412764436989523,1.400486610473228,1.4248065230850937,True,266,220,3,5000,0.95,False,setting_behavior_group; competence selected from unsteered predictions; equal model-contrast weight
canonical_both_endpoints_correct,gemma2_9b_it,extraction_row_margin_gain,0.1028591486351853,0.0912626579023095,0.1144363430719317,True,266,220,3,5000,0.95,False,setting_behavior_group; competence selected from unsteered predictions; equal model-contrast weight
canonical_both_endpoints_correct,gemma2_9b_it,identifier_minus_semantics,0.7197880753418068,0.6963564762744268,0.7446310413802069,True,266,220,3,5000,0.95,False,setting_behavior_group; competence selected from unsteered predictions; equal model-contrast weight
canonical_both_endpoints_correct,gemma2_9b_it,identifier_minus_row,1.3099052883543376,1.291465621512976,1.3281527040096486,True,266,220,3,5000,0.95,False,setting_behavior_group; competence selected from unsteered predictions; equal model-contrast weight
canonical_both_endpoints_correct,llama3_1_8b_instruct,semantic_margin_gain,0.0990807247666454,0.0927066947927023,0.1054637097999512,True,310,257,3,5000,0.95,False,setting_behavior_group; competence selected from unsteered predictions; equal model-contrast weight
canonical_both_endpoints_correct,llama3_1_8b_instruct,extraction_identifier_margin_gain,0.5691315676169421,0.5630191790839463,0.5752686116437987,True,310,257,3,5000,0.95,False,setting_behavior_group; competence selected from unsteered predictions; equal model-contrast weight
canonical_both_endpoints_correct,llama3_1_8b_instruct,extraction_row_margin_gain,0.0937151663643973,0.090169158847003,0.097190204819774,True,310,257,3,5000,0.95,False,setting_behavior_group; competence selected from unsteered predictions; equal model-contrast weight
canonical_both_endpoints_correct,llama3_1_8b_instruct,identifier_minus_semantics,0.4700508428502966,0.4631684458635249,0.4767819789158534,True,310,257,3,5000,0.95,False,setting_behavior_group; competence selected from unsteered predictions; equal model-contrast weight
canonical_both_endpoints_correct,llama3_1_8b_instruct,identifier_minus_row,0.4754164012525447,0.4706775116221584,0.4800621084037598,True,310,257,3,5000,0.95,False,setting_behavior_group; competence selected from unsteered predictions; equal model-contrast weight
canonical_both_endpoints_correct,mistral7b_instruct_v03,semantic_margin_gain,0.493495521006841,0.4741588884613125,0.51298187903062,True,278,232,3,5000,0.95,False,setting_behavior_group; competence selected from unsteered predictions; equal model-contrast weight
canonical_both_endpoints_correct,mistral7b_instruct_v03,extraction_identifier_margin_gain,2.050871616526003,2.027802062228165,2.0732871438379488,True,278,232,3,5000,0.95,False,setting_behavior_group; competence selected from unsteered predictions; equal model-contrast weight
canonical_both_endpoints_correct,mistral7b_instruct_v03,extraction_row_margin_gain,0.1603134055998527,0.1520972922047751,0.1682328853788008,True,278,232,3,5000,0.95,False,setting_behavior_group; competence selected from unsteered predictions; equal model-contrast weight
canonical_both_endpoints_correct,mistral7b_instruct_v03,identifier_minus_semantics,1.5573760955191622,1.538690864438487,1.5756484260973749,True,278,232,3,5000,0.95,False,setting_behavior_group; competence selected from unsteered predictions; equal model-contrast weight
canonical_both_endpoints_correct,mistral7b_instruct_v03,identifier_minus_row,1.8905582109261505,1.865526679339459,1.9146493986016304,True,278,232,3,5000,0.95,False,setting_behavior_group; competence selected from unsteered predictions; equal model-contrast weight
canonical_both_endpoints_correct,qwen2_5_7b_instruct,semantic_margin_gain,2.652417692269483,2.599267760623547,2.705474139615854,True,359,278,3,5000,0.95,False,setting_behavior_group; competence selected from unsteered predictions; equal model-contrast weight
canonical_both_endpoints_correct,qwen2_5_7b_instruct,extraction_identifier_margin_gain,1.6862838084333924,1.6662300670554535,1.706434177272099,True,359,278,3,5000,0.95,False,setting_behavior_group; competence selected from unsteered predictions; equal model-contrast weight
canonical_both_endpoints_correct,qwen2_5_7b_instruct,extraction_row_margin_gain,1.3342288317242244,1.306865698154411,1.3597576203177728,True,359,278,3,5000,0.95,False,setting_behavior_group; competence selected from unsteered predictions; equal model-contrast weight
canonical_both_endpoints_correct,qwen2_5_7b_instruct,identifier_minus_semantics,-0.9661338838360898,-1.0164792747230411,-0.9156791044281564,True,359,278,3,5000,0.95,False,setting_behavior_group; competence selected from unsteered predictions; equal model-contrast weight
canonical_both_endpoints_correct,qwen2_5_7b_instruct,identifier_minus_row,0.3520549767091682,0.3234325529291659,0.3829606453433466,True,359,278,3,5000,0.95,False,setting_behavior_group; competence selected from unsteered predictions; equal model-contrast weight
all_six_abc_both_endpoints_correct,gemma2_9b_it,semantic_margin_gain,0.7671713685046976,0.7515410373100925,0.78248931864018,True,137,124,3,5000,0.95,False,setting_behavior_group; competence selected from unsteered predictions; equal model-contrast weight
all_six_abc_both_endpoints_correct,gemma2_9b_it,extraction_identifier_margin_gain,1.405226844050181,1.390158807310124,1.4207498322019727,True,137,124,3,5000,0.95,False,setting_behavior_group; competence selected from unsteered predictions; equal model-contrast weight
all_six_abc_both_endpoints_correct,gemma2_9b_it,extraction_row_margin_gain,0.086715180862133,0.0779340813316014,0.0953988018972849,True,137,124,3,5000,0.95,False,setting_behavior_group; competence selected from unsteered predictions; equal model-contrast weight
all_six_abc_both_endpoints_correct,gemma2_9b_it,identifier_minus_semantics,0.6380554755454838,0.6253695153399281,0.6511068836556314,True,137,124,3,5000,0.95,False,setting_behavior_group; competence selected from unsteered predictions; equal model-contrast weight
all_six_abc_both_endpoints_correct,gemma2_9b_it,identifier_minus_row,1.3185116631880482,1.303741648637143,1.3342361976915482,True,137,124,3,5000,0.95,False,setting_behavior_group; competence selected from unsteered predictions; equal model-contrast weight
all_six_abc_both_endpoints_correct,llama3_1_8b_instruct,semantic_margin_gain,0.1274367581218463,0.1137474240372929,0.1404977751569109,True,104,93,3,5000,0.95,False,setting_behavior_group; competence selected from unsteered predictions; equal model-contrast weight
all_six_abc_both_endpoints_correct,llama3_1_8b_instruct,extraction_identifier_margin_gain,0.5874449312675115,0.5756682245936995,0.600267572681612,True,104,93,3,5000,0.95,False,setting_behavior_group; competence selected from unsteered predictions; equal model-contrast weight
all_six_abc_both_endpoints_correct,llama3_1_8b_instruct,extraction_row_margin_gain,0.0962110228905892,0.0897129463130459,0.1028803077481738,True,104,93,3,5000,0.95,False,setting_behavior_group; competence selected from unsteered predictions; equal model-contrast weight
all_six_abc_both_endpoints_correct,llama3_1_8b_instruct,identifier_minus_semantics,0.4600081731456651,0.4424712677993613,0.4791011198167808,True,104,93,3,5000,0.95,False,setting_behavior_group; competence selected from unsteered predictions; equal model-contrast weight
all_six_abc_both_endpoints_correct,llama3_1_8b_instruct,identifier_minus_row,0.4912339083769224,0.4807112219829941,0.5034692482266118,True,104,93,3,5000,0.95,False,setting_behavior_group; competence selected from unsteered predictions; equal model-contrast weight
all_six_abc_both_endpoints_correct,mistral7b_instruct_v03,semantic_margin_gain,0.5732879543360508,0.5502010400733943,0.5952780069886171,True,72,67,3,5000,0.95,False,setting_behavior_group; competence selected from unsteered predictions; equal model-contrast weight
all_six_abc_both_endpoints_correct,mistral7b_instruct_v03,extraction_identifier_margin_gain,2.096614220365225,2.061282629724173,2.132456275841148,True,72,67,3,5000,0.95,False,setting_behavior_group; competence selected from unsteered predictions; equal model-contrast weight
all_six_abc_both_endpoints_correct,mistral7b_instruct_v03,extraction_row_margin_gain,0.1304863711653703,0.1148059342257487,0.1468818632766459,True,72,67,3,5000,0.95,False,setting_behavior_group; competence selected from unsteered predictions; equal model-contrast weight
all_six_abc_both_endpoints_correct,mistral7b_instruct_v03,identifier_minus_semantics,1.523326266029174,1.486628706402415,1.559694688017406,True,72,67,3,5000,0.95,False,setting_behavior_group; competence selected from unsteered predictions; equal model-contrast weight
all_six_abc_both_endpoints_correct,mistral7b_instruct_v03,identifier_minus_row,1.9661278491998548,1.9290434578303364,2.00461861190187,True,72,67,3,5000,0.95,False,setting_behavior_group; competence selected from unsteered predictions; equal model-contrast weight
all_six_abc_both_endpoints_correct,qwen2_5_7b_instruct,semantic_margin_gain,2.6482412844280794,2.582437211150846,2.7165460198675135,True,161,137,3,5000,0.95,False,setting_behavior_group; competence selected from unsteered predictions; equal model-contrast weight
all_six_abc_both_endpoints_correct,qwen2_5_7b_instruct,extraction_identifier_margin_gain,1.731198603827601,1.701603189778073,1.7629611104512453,True,161,137,3,5000,0.95,False,setting_behavior_group; competence selected from unsteered predictions; equal model-contrast weight
all_six_abc_both_endpoints_correct,qwen2_5_7b_instruct,extraction_row_margin_gain,1.3246377312604225,1.2895195561229051,1.3610077396348734,True,161,137,3,5000,0.95,False,setting_behavior_group; competence selected from unsteered predictions; equal model-contrast weight
all_six_abc_both_endpoints_correct,qwen2_5_7b_instruct,identifier_minus_semantics,-0.9170426806004784,-0.9748856251958262,-0.8599071179215021,True,161,137,3,5000,0.95,False,setting_behavior_group; competence selected from unsteered predictions; equal model-contrast weight
all_six_abc_both_endpoints_correct,qwen2_5_7b_instruct,identifier_minus_row,0.4065608725671789,0.3682438471711348,0.4452862542073827,True,161,137,3,5000,0.95,False,setting_behavior_group; competence selected from unsteered predictions; equal model-contrast weight
all_six_abc_high_confidence,gemma2_9b_it,semantic_margin_gain,0.7646183718608501,0.749790779894993,0.7802284257587805,True,70,64,3,5000,0.95,False,setting_behavior_group; competence selected from unsteered predictions; equal model-contrast weight
all_six_abc_high_confidence,gemma2_9b_it,extraction_identifier_margin_gain,1.385487890302144,1.3692488457711331,1.402559040087566,True,70,64,3,5000,0.95,False,setting_behavior_group; competence selected from unsteered predictions; equal model-contrast weight
all_six_abc_high_confidence,gemma2_9b_it,extraction_row_margin_gain,0.0739591495656016,0.0643073729465007,0.0839696799683803,True,70,64,3,5000,0.95,False,setting_behavior_group; competence selected from unsteered predictions; equal model-contrast weight
all_six_abc_high_confidence,gemma2_9b_it,identifier_minus_semantics,0.6208695184412941,0.6062381899750553,0.634797276645096,True,70,64,3,5000,0.95,False,setting_behavior_group; competence selected from unsteered predictions; equal model-contrast weight
all_six_abc_high_confidence,gemma2_9b_it,identifier_minus_row,1.3115287407365426,1.2941874854861568,1.329325562819064,True,70,64,3,5000,0.95,False,setting_behavior_group; competence selected from unsteered predictions; equal model-contrast weight
all_six_abc_high_confidence,llama3_1_8b_instruct,semantic_margin_gain,0.1256195619261678,0.1077904941082924,0.1409524128074017,True,53,51,3,5000,0.95,False,setting_behavior_group; competence selected from unsteered predictions; equal model-contrast weight
all_six_abc_high_confidence,llama3_1_8b_instruct,extraction_identifier_margin_gain,0.5965593536797522,0.5796513822909087,0.61234730383462,True,53,51,3,5000,0.95,False,setting_behavior_group; competence selected from unsteered predictions; equal model-contrast weight
all_six_abc_high_confidence,llama3_1_8b_instruct,extraction_row_margin_gain,0.1000089845265802,0.0886375946844535,0.1094215715564967,True,53,51,3,5000,0.95,False,setting_behavior_group; competence selected from unsteered predictions; equal model-contrast weight
all_six_abc_high_confidence,llama3_1_8b_instruct,identifier_minus_semantics,0.4709397917535843,0.4499359490001777,0.494776444163202,True,53,51,3,5000,0.95,False,setting_behavior_group; competence selected from unsteered predictions; equal model-contrast weight
all_six_abc_high_confidence,llama3_1_8b_instruct,identifier_minus_row,0.4965503691531719,0.4857978078061499,0.5058811989622308,True,53,51,3,5000,0.95,False,setting_behavior_group; competence selected from unsteered predictions; equal model-contrast weight
all_six_abc_high_confidence,mistral7b_instruct_v03,semantic_margin_gain,0.5774101961507018,0.5416437350036902,0.7631494783440136,True,36,34,3,5000,0.95,False,setting_behavior_group; competence selected from unsteered predictions; equal model-contrast weight
all_six_abc_high_confidence,mistral7b_instruct_v03,extraction_identifier_margin_gain,2.071017712161934,2.022696221470848,2.360560573264384,True,36,34,3,5000,0.95,False,setting_behavior_group; competence selected from unsteered predictions; equal model-contrast weight
all_six_abc_high_confidence,mistral7b_instruct_v03,extraction_row_margin_gain,0.1265450678875277,0.1023423551567203,0.1822668935353278,True,36,34,3,5000,0.95,False,setting_behavior_group; competence selected from unsteered predictions; equal model-contrast weight
all_six_abc_high_confidence,mistral7b_instruct_v03,identifier_minus_semantics,1.4936075160112328,1.4451541046887206,1.593681106163711,True,36,34,3,5000,0.95,False,setting_behavior_group; competence selected from unsteered predictions; equal model-contrast weight
all_six_abc_high_confidence,mistral7b_instruct_v03,identifier_minus_row,1.9444726442744071,1.891453194369612,2.1701945172994974,True,36,34,3,5000,0.95,False,setting_behavior_group; competence selected from unsteered predictions; equal model-contrast weight
all_six_abc_high_confidence,qwen2_5_7b_instruct,semantic_margin_gain,2.6524184839844462,2.5631644695440623,2.741205037143833,True,81,74,3,5000,0.95,False,setting_behavior_group; competence selected from unsteered predictions; equal model-contrast weight
all_six_abc_high_confidence,qwen2_5_7b_instruct,extraction_identifier_margin_gain,1.7691758694553528,1.7305483667493262,1.8128397824766649,True,81,74,3,5000,0.95,False,setting_behavior_group; competence selected from unsteered predictions; equal model-contrast weight
all_six_abc_high_confidence,qwen2_5_7b_instruct,extraction_row_margin_gain,1.2879143757402365,1.2413326708701988,1.3333485235785905,True,81,74,3,5000,0.95,False,setting_behavior_group; competence selected from unsteered predictions; equal model-contrast weight
all_six_abc_high_confidence,qwen2_5_7b_instruct,identifier_minus_semantics,-0.8832426145290931,-0.9533483132172732,-0.8109824460238537,True,81,74,3,5000,0.95,False,setting_behavior_group; competence selected from unsteered predictions; equal model-contrast weight
all_six_abc_high_confidence,qwen2_5_7b_instruct,identifier_minus_row,0.4812614937151165,0.4314512985110872,0.5329730126737362,True,81,74,3,5000,0.95,False,setting_behavior_group; competence selected from unsteered predictions; equal model-contrast weight
