model_alias,model_name,comparison,interface,mean_adjusted_gain,mean_paired_standardized_gain,median_paired_standardized_gain,min_paired_standardized_gain,max_paired_standardized_gain,mean_positive_pair_rate,n_positive_cells,n_model_contrast_seed_cells,n_contrasts,seed_sd_paired_standardized_gain,n_random_seeds,random_seed_aggregation,interface_label,comparison_label,model_label
gemma2_9b_it,google/gemma-2-9b-it,label_only_minus_random,direct_label_completion,3.378929351435767,6.880662697655437,7.726769544794803,4.047172512025557,9.856882452133862,1.0,15,15,3,0.692876216789349,5,equal_mean_over_five_draws,Direct labels,Label-only minus random,Gemma
gemma2_9b_it,google/gemma-2-9b-it,label_only_minus_random,opaque_completion,0.16781108379364013,1.192660032818175,1.029684238888655,-2.254951235732286,4.906290236341836,0.695703125,10,15,3,0.541653951069687,5,equal_mean_over_five_draws,Opaque codewords,Label-only minus random,Gemma
gemma2_9b_it,google/gemma-2-9b-it,label_only_minus_random,letter_canonical,-0.230525090959337,-1.1971321480198325,-1.4833262377219667,-3.225013876785423,0.1398719578427898,0.19205729166666666,2,15,3,0.5780170012930951,5,equal_mean_over_five_draws,Original letters,Label-only minus random,Gemma
gemma2_9b_it,google/gemma-2-9b-it,label_only_minus_random,letter_reversed,0.16994374063279893,1.105801470135914,0.7525749531880459,-0.7862085138986608,4.374253307823882,0.7368489583333333,13,15,3,0.5373481649313796,5,equal_mean_over_five_draws,Reversed letters,Label-only minus random,Gemma
llama3_1_8b_instruct,meta-llama/Llama-3.1-8B-Instruct,label_only_minus_random,direct_label_completion,1.2879337787628173,8.026650923625224,8.39578634730904,2.9030932561992144,13.353884081905388,1.0,15,15,3,0.543181423265747,5,equal_mean_over_five_draws,Direct labels,Label-only minus random,Llama
llama3_1_8b_instruct,meta-llama/Llama-3.1-8B-Instruct,label_only_minus_random,opaque_completion,0.05833595394215073,2.923370305167274,2.906776672019221,0.199513041779172,5.939927411257339,0.9477864583333333,15,15,3,0.6499905594235097,5,equal_mean_over_five_draws,Opaque codewords,Label-only minus random,Llama
llama3_1_8b_instruct,meta-llama/Llama-3.1-8B-Instruct,label_only_minus_random,letter_canonical,0.06381942836774716,1.1929162774478512,1.2323548870063,-1.6352985153705113,4.911044960214282,0.7272135416666666,12,15,3,1.053511930010512,5,equal_mean_over_five_draws,Original letters,Label-only minus random,Llama
llama3_1_8b_instruct,meta-llama/Llama-3.1-8B-Instruct,label_only_minus_random,letter_reversed,0.04288536028729542,0.9124289363430944,1.3081156999349568,-2.0434109142521715,2.3274007731092,0.7319010416666667,11,15,3,0.4257532273333437,5,equal_mean_over_five_draws,Reversed letters,Label-only minus random,Llama
mistral7b_instruct_v03,mistralai/Mistral-7B-Instruct-v0.3,label_only_minus_random,direct_label_completion,2.6960094816154903,5.628030310004525,5.303697796558022,3.9059714117692255,8.217014035165741,1.0,15,15,3,0.5704700442079772,5,equal_mean_over_five_draws,Direct labels,Label-only minus random,Mistral
mistral7b_instruct_v03,mistralai/Mistral-7B-Instruct-v0.3,label_only_minus_random,opaque_completion,0.13318458882535594,1.1745566604003381,1.374648583808514,-0.5773697392889581,2.18910740503589,0.8391927083333334,14,15,3,0.2303020987242819,5,equal_mean_over_five_draws,Opaque codewords,Label-only minus random,Mistral
mistral7b_instruct_v03,mistralai/Mistral-7B-Instruct-v0.3,label_only_minus_random,letter_canonical,0.23775659799575802,0.6745675023562969,1.0387699847183756,-2.1911460175719544,2.353300127219318,0.694921875,12,15,3,0.4649120477490234,5,equal_mean_over_five_draws,Original letters,Label-only minus random,Mistral
mistral7b_instruct_v03,mistralai/Mistral-7B-Instruct-v0.3,label_only_minus_random,letter_reversed,-0.4090972953372532,-0.5615723412145388,-1.5438101893455287,-3.828876190696485,4.160839919567188,0.3436197916666667,5,15,3,0.9449252254488825,5,equal_mean_over_five_draws,Reversed letters,Label-only minus random,Mistral
qwen2_5_7b_instruct,Qwen/Qwen2.5-7B-Instruct,label_only_minus_random,direct_label_completion,3.0425349909812214,4.940371216596135,5.97772708185706,0.8559928470877746,8.118298453416706,0.9776041666666667,15,15,3,0.45821458359095313,5,equal_mean_over_five_draws,Direct labels,Label-only minus random,Qwen
qwen2_5_7b_instruct,Qwen/Qwen2.5-7B-Instruct,label_only_minus_random,opaque_completion,0.7249668486775287,2.5830737218089044,2.9136177841902198,0.3775176236829813,3.831681659793076,0.9592447916666667,15,15,3,0.24663312924800881,5,equal_mean_over_five_draws,Opaque codewords,Label-only minus random,Qwen
qwen2_5_7b_instruct,Qwen/Qwen2.5-7B-Instruct,label_only_minus_random,letter_canonical,0.5237718283302254,1.1491692512575187,1.0473471337092015,0.034317593771503,2.4682628793855703,0.8180989583333333,15,15,3,0.3042468400721415,5,equal_mean_over_five_draws,Original letters,Label-only minus random,Qwen
qwen2_5_7b_instruct,Qwen/Qwen2.5-7B-Instruct,label_only_minus_random,letter_reversed,0.6902359223407175,1.695500949030932,1.7740654045881608,-1.5368586353782243,5.184666964542911,0.7321614583333333,11,15,3,0.4899021323620519,5,equal_mean_over_five_draws,Reversed letters,Label-only minus random,Qwen
gemma2_9b_it,google/gemma-2-9b-it,mapping_balanced_minus_random,direct_label_completion,4.178149880303277,6.926020217367718,4.816583106000687,3.81187308266979,13.56149011495661,1.0,15,15,3,0.31602817196502503,5,equal_mean_over_five_draws,Direct labels,Mapping-balanced minus random,Gemma
gemma2_9b_it,google/gemma-2-9b-it,mapping_balanced_minus_random,opaque_completion,0.7891300151745478,2.765910677457109,3.179433565787132,0.1279348358866762,5.449949891260483,0.8755208333333333,15,15,3,0.31924191678928227,5,equal_mean_over_five_draws,Opaque codewords,Mapping-balanced minus random,Gemma
gemma2_9b_it,google/gemma-2-9b-it,mapping_balanced_minus_random,letter_canonical,-0.20745144420199926,-0.7933080513865994,-0.9079472863998532,-2.557496925816406,0.3919564733821318,0.28346354166666665,5,15,3,0.3067667271729562,5,equal_mean_over_five_draws,Original letters,Mapping-balanced minus random,Gemma
gemma2_9b_it,google/gemma-2-9b-it,mapping_balanced_minus_random,letter_reversed,0.8882347848680284,2.556276588798314,2.8106897637714905,0.399872396001969,4.01996569364199,0.94765625,15,15,3,0.4048663041978179,5,equal_mean_over_five_draws,Reversed letters,Mapping-balanced minus random,Gemma
llama3_1_8b_instruct,meta-llama/Llama-3.1-8B-Instruct,mapping_balanced_minus_random,direct_label_completion,1.1395592212677002,5.845276476993943,5.12847260106801,2.653333461266567,9.98337951201786,1.0,15,15,3,0.3954532394188661,5,equal_mean_over_five_draws,Direct labels,Mapping-balanced minus random,Llama
llama3_1_8b_instruct,meta-llama/Llama-3.1-8B-Instruct,mapping_balanced_minus_random,opaque_completion,0.3494214536075661,3.1780957724249363,3.183153506314561,0.8149887953649643,5.078689887422509,0.9725260416666667,15,15,3,0.15841692658114875,5,equal_mean_over_five_draws,Opaque codewords,Mapping-balanced minus random,Llama
llama3_1_8b_instruct,meta-llama/Llama-3.1-8B-Instruct,mapping_balanced_minus_random,letter_canonical,0.025493210678299263,0.33552994195787084,0.2440833911021079,-0.4791270935688522,1.5793306752444085,0.5967447916666667,10,15,3,0.18764853117796212,5,equal_mean_over_five_draws,Original letters,Mapping-balanced minus random,Llama
llama3_1_8b_instruct,meta-llama/Llama-3.1-8B-Instruct,mapping_balanced_minus_random,letter_reversed,-0.040502613120608884,0.522928128399434,0.5495016312345465,-1.580980057782255,3.905210145017792,0.5713541666666667,10,15,3,0.291974496622392,5,equal_mean_over_five_draws,Reversed letters,Mapping-balanced minus random,Llama
mistral7b_instruct_v03,mistralai/Mistral-7B-Instruct-v0.3,mapping_balanced_minus_random,direct_label_completion,3.0501239346133335,7.41888040012825,7.238585095327361,5.774631744567001,9.504479220151763,1.0,15,15,3,0.28395876285414,5,equal_mean_over_five_draws,Direct labels,Mapping-balanced minus random,Mistral
mistral7b_instruct_v03,mistralai/Mistral-7B-Instruct-v0.3,mapping_balanced_minus_random,opaque_completion,0.4729051018098189,0.6282096104122633,2.202810673531728,-5.026265769626693,2.6875698819024354,0.6727864583333333,10,15,3,0.42427468530736456,5,equal_mean_over_five_draws,Opaque codewords,Mapping-balanced minus random,Mistral
mistral7b_instruct_v03,mistralai/Mistral-7B-Instruct-v0.3,mapping_balanced_minus_random,letter_canonical,1.3613657004303403,2.809531996142058,3.1490162883249995,0.1230617896611392,4.183293404000686,0.9584635416666667,15,15,3,0.43233656279789145,5,equal_mean_over_five_draws,Original letters,Mapping-balanced minus random,Mistral
mistral7b_instruct_v03,mistralai/Mistral-7B-Instruct-v0.3,mapping_balanced_minus_random,letter_reversed,-1.0633884218004015,-2.165365460177709,-3.548260124796994,-4.932442201855882,3.225325769564859,0.29778645833333334,5,15,3,0.2308906975054678,5,equal_mean_over_five_draws,Reversed letters,Mapping-balanced minus random,Mistral
qwen2_5_7b_instruct,Qwen/Qwen2.5-7B-Instruct,mapping_balanced_minus_random,direct_label_completion,7.2056377987687785,4.841999918870338,5.052478909115347,3.2484563776776705,6.060836761592346,1.0,15,15,3,0.1308346248522,5,equal_mean_over_five_draws,Direct labels,Mapping-balanced minus random,Qwen
qwen2_5_7b_instruct,Qwen/Qwen2.5-7B-Instruct,mapping_balanced_minus_random,opaque_completion,3.344746894244518,4.367077024601512,3.9077805419919134,3.387781200321465,5.937346198780912,1.0,15,15,3,0.101802742729808,5,equal_mean_over_five_draws,Opaque codewords,Mapping-balanced minus random,Qwen
qwen2_5_7b_instruct,Qwen/Qwen2.5-7B-Instruct,mapping_balanced_minus_random,letter_canonical,3.9802110756850904,3.574817213329204,2.866581099733409,2.428813977355243,5.522242820847068,0.994140625,15,15,3,0.15420141257628447,5,equal_mean_over_five_draws,Original letters,Mapping-balanced minus random,Qwen
qwen2_5_7b_instruct,Qwen/Qwen2.5-7B-Instruct,mapping_balanced_minus_random,letter_reversed,4.814694524038997,3.930242631485769,3.582547608799509,2.590426663792353,5.999064520987711,0.9984375,15,15,3,0.2701692243756086,5,equal_mean_over_five_draws,Reversed letters,Mapping-balanced minus random,Qwen
gemma2_9b_it,google/gemma-2-9b-it,raw_minus_random,direct_label_completion,3.3152860151396855,5.9540499980444626,3.7757498288786393,2.825358726065387,12.098188530518938,1.0,15,15,3,0.423850350890285,5,equal_mean_over_five_draws,Direct labels,Raw minus random,Gemma
gemma2_9b_it,google/gemma-2-9b-it,raw_minus_random,opaque_completion,0.9615517321560119,4.113130860981887,2.344847715054239,0.7265686158356975,10.174446131378245,0.9592447916666667,15,15,3,0.5889201604485689,5,equal_mean_over_five_draws,Opaque codewords,Raw minus random,Gemma
gemma2_9b_it,google/gemma-2-9b-it,raw_minus_random,letter_canonical,4.111773761113485,4.611665001588615,4.7020902792299815,3.4209675153478485,5.834855542729997,1.0,15,15,3,0.08864254689950984,5,equal_mean_over_five_draws,Original letters,Raw minus random,Gemma
gemma2_9b_it,google/gemma-2-9b-it,raw_minus_random,letter_reversed,-0.608126285341051,-0.3117447963289975,0.7411221522012694,-3.823463684167637,2.1530925481214243,0.5751302083333333,10,15,3,0.20100830304577086,5,equal_mean_over_five_draws,Reversed letters,Raw minus random,Gemma
llama3_1_8b_instruct,meta-llama/Llama-3.1-8B-Instruct,raw_minus_random,direct_label_completion,0.7112522178226046,4.609910782769423,3.945208499423636,1.7667512352190429,8.634124959961596,1.0,15,15,3,0.4894358362164729,5,equal_mean_over_five_draws,Direct labels,Raw minus random,Llama
llama3_1_8b_instruct,meta-llama/Llama-3.1-8B-Instruct,raw_minus_random,opaque_completion,0.30554257132656243,5.300404251817065,5.899358004971236,2.881658379054512,7.767611451928911,1.0,15,15,3,0.19044471316533987,5,equal_mean_over_five_draws,Opaque codewords,Raw minus random,Llama
llama3_1_8b_instruct,meta-llama/Llama-3.1-8B-Instruct,raw_minus_random,letter_canonical,1.6826818909082146,4.465348294478503,3.9922782089217943,3.512566282925807,5.861555795242044,1.0,15,15,3,0.14405083728275922,5,equal_mean_over_five_draws,Original letters,Raw minus random,Llama
llama3_1_8b_instruct,meta-llama/Llama-3.1-8B-Instruct,raw_minus_random,letter_reversed,-0.7165093003047838,-2.1313293550264762,-0.8476677854935282,-6.245364585705209,0.2230353518387267,0.24270833333333333,3,15,3,0.11804531662444352,5,equal_mean_over_five_draws,Reversed letters,Raw minus random,Llama
mistral7b_instruct_v03,mistralai/Mistral-7B-Instruct-v0.3,raw_minus_random,direct_label_completion,2.517201441526413,6.932133590196802,6.965331878330033,6.002169110325394,8.284000980229235,1.0,15,15,3,0.2699309977990552,5,equal_mean_over_five_draws,Direct labels,Raw minus random,Mistral
mistral7b_instruct_v03,mistralai/Mistral-7B-Instruct-v0.3,raw_minus_random,opaque_completion,0.7248445677629206,4.0829550373137256,4.060318746241675,2.044934711056569,6.049254120991572,0.996484375,15,15,3,0.35538156414912264,5,equal_mean_over_five_draws,Opaque codewords,Raw minus random,Mistral
mistral7b_instruct_v03,mistralai/Mistral-7B-Instruct-v0.3,raw_minus_random,letter_canonical,6.441232520341873,5.602980114415134,5.435149088752528,4.633521659297448,7.078089776286746,1.0,15,15,3,0.20255994931011834,5,equal_mean_over_five_draws,Original letters,Raw minus random,Mistral
mistral7b_instruct_v03,mistralai/Mistral-7B-Instruct-v0.3,raw_minus_random,letter_reversed,-2.072694918844435,-0.8094282357017819,0.7408987076832225,-4.644708998800684,2.225899288926644,0.5319010416666666,10,15,3,0.29386727601862644,5,equal_mean_over_five_draws,Reversed letters,Raw minus random,Mistral
qwen2_5_7b_instruct,Qwen/Qwen2.5-7B-Instruct,raw_minus_random,direct_label_completion,4.769674744167261,4.469188514771489,4.876985040838507,1.0309707986225014,7.465592793926985,0.9651041666666667,15,15,3,0.18076002914762856,5,equal_mean_over_five_draws,Direct labels,Raw minus random,Qwen
qwen2_5_7b_instruct,Qwen/Qwen2.5-7B-Instruct,raw_minus_random,opaque_completion,3.2258628178284403,5.333428197148335,3.939187123286009,3.704182407099068,8.766587272604463,1.0,15,15,3,0.128641242483551,5,equal_mean_over_five_draws,Opaque codewords,Raw minus random,Qwen
qwen2_5_7b_instruct,Qwen/Qwen2.5-7B-Instruct,raw_minus_random,letter_canonical,6.402373194259902,5.08596661379083,3.87394263546228,3.3133636079493805,8.33867870700087,1.0,15,15,3,0.20601747524481084,5,equal_mean_over_five_draws,Original letters,Raw minus random,Qwen
qwen2_5_7b_instruct,Qwen/Qwen2.5-7B-Instruct,raw_minus_random,letter_reversed,2.8887430376890633,3.2376790833079223,2.96529776931633,-0.0004224580074294,7.587783436854761,0.881640625,14,15,3,0.3528997730779697,5,equal_mean_over_five_draws,Reversed letters,Raw minus random,Qwen
